Var_1,Var_2,Var_3,Var_4,Var_5_Class_1,Var_5_Class_2,Var_5_Class_3,Var_5_Class_4,Var_5_Class_5,Var_5_Class_6,Var_5_Class_7,Var_5_Class_8,Var_6_Class_1,Var_6_Class_2,Var_6_Class_3,Var_6_Class_4,Var_6_Class_5,Var_6_Class_6,Var_6_Class_7,Var_6_Class_8,Var_6_Class_9,Var_6_Class_10,Var_6_Class_11,Var_6_Class_12,Var_7,Var_8,Var_9,Var_10,Var_11,Var_12,Var_13,Input_Data_Set_3
5,0.933060109,63,7.566939891,-1,-1,-1,-1,-1,-1,-1,1,1,-1,-1,-1,-1,-1,-1,-1,-1,-1,-1,-1,1,0,-1,-1,15.13377057,16.39518222,2,1
8,2.12431694,18,6.37568306,-1,-1,-1,-1,-1,-1,1,-1,1,-1,-1,-1,-1,-1,-1,-1,-1,-1,-1,-1,1,2,-1,-1,15.13377057,16.39518222,2,0
18,1.618852459,53,6.881147541,-1,-1,-1,-1,-1,-1,1,-1,1,-1,-1,-1,-1,-1,-1,-1,-1,-1,-1,-1,1,2,-1,-1,15.13377057,16.39518222,2,0
11,1.005464481,12,7.494535519,-1,-1,-1,-1,-1,-1,-1,1,1,-1,-1,-1,-1,-1,-1,-1,-1,-1,-1,-1,1,0,-1,-1,15.13377057,16.39518222,2,0
12,1.008196721,11,6.274590164,-1,-1,-1,-1,-1,-1,-1,1,-1,-1,1,-1,-1,-1,-1,-1,-1,-1,-1,-1,2,0,-1,-1,15.13377057,16.39518222,2,1
10,2.363387978,20,6.136612022,-1,-1,-1,-1,-1,-1,1,-1,-1,-1,1,-1,-1,-1,-1,-1,-1,-1,-1,-1,1,0,-1,-1,15.13377057,16.39518222,2,1
6,1.107923497,38,6.032786885,-1,-1,-1,-1,-1,-1,-1,1,-1,-1,1,-1,-1,-1,-1,-1,-1,-1,-1,-1,2,0,-1,-1,15.13377057,16.39518222,2,0
15,1.318306011,8,7.181693989,-1,-1,-1,-1,-1,-1,1,-1,-1,-1,1,-1,-1,-1,-1,-1,-1,-1,-1,-1,1,0,-1,-1,15.13377057,16.39518222,2,1
28,1.532786885,6,6.967213115,-1,1,-1,-1,-1,-1,-1,-1,-1,-1,-1,1,-1,-1,-1,-1,-1,-1,-1,-1,2,6,-1,1,15.13377057,16.39518222,2,1
14,1.034153005,16,7.465846995,-1,-1,-1,-1,-1,-1,-1,1,-1,-1,-1,-1,1,-1,-1,-1,-1,-1,-1,-1,1,7,1,-1,15.13377057,16.39518222,2,0
14,2.301912568,31,6.198087432,-1,-1,-1,-1,-1,-1,1,-1,-1,-1,-1,-1,1,-1,-1,-1,-1,-1,-1,-1,1,0,-1,-1,15.13377057,16.39518222,2,0
20,1.105191257,20,7.394808743,-1,-1,-1,-1,-1,-1,-1,1,-1,-1,-1,-1,-1,1,-1,-1,-1,-1,-1,-1,1,2,-1,-1,15.13377057,16.39518222,2,0
17,3.005464481,28,5.494535519,-1,-1,-1,-1,-1,-1,1,-1,-1,-1,-1,-1,-1,1,-1,-1,-1,-1,-1,-1,1,0,-1,-1,15.13377057,16.39518222,2,1
21,1.707650273,13,6.792349727,-1,-1,-1,-1,-1,-1,-1,1,-1,-1,-1,-1,-1,1,-1,-1,-1,-1,-1,-1,1,3,1,-1,15.13377057,16.39518222,2,0
20,1.741803279,47,6.758196721,-1,-1,-1,-1,-1,-1,1,-1,-1,-1,-1,-1,-1,1,-1,-1,-1,-1,-1,-1,1,1,-1,-1,15.13377057,16.39518222,2,0
14,1.255464481,39,7.244535519,-1,-1,-1,-1,-1,-1,-1,1,-1,-1,-1,-1,-1,1,-1,-1,-1,-1,-1,-1,1,3,-1,-1,15.13377057,16.39518222,2,0
14,1.356557377,40,7.143442623,-1,-1,-1,-1,-1,-1,-1,1,-1,-1,-1,-1,-1,-1,1,-1,-1,-1,-1,-1,1,2,-1,-1,24.98962623,28.68113407,2,1
5,1.510928962,4,6.989071038,-1,-1,-1,-1,-1,-1,-1,1,-1,-1,-1,-1,-1,-1,1,-1,-1,-1,-1,-1,1,0,-1,-1,24.98962623,28.68113407,2,1
19,1.393442623,12,7.106557377,-1,-1,-1,-1,-1,-1,-1,1,-1,-1,-1,-1,-1,-1,1,-1,-1,-1,-1,-1,1,0,-1,-1,24.98962623,28.68113407,2,1
13,2.066939891,28,6.433060109,-1,-1,-1,-1,-1,-1,-1,1,-1,-1,-1,-1,-1,-1,1,-1,-1,-1,-1,-1,1,0,-1,-1,24.98962623,28.68113407,2,1
7,1.493169399,68,7.006830601,-1,-1,-1,-1,-1,-1,-1,1,-1,-1,-1,-1,-1,-1,-1,1,-1,-1,-1,-1,1,3,-1,-1,24.98962623,28.68113407,2,1
24,2.31420765,31,6.18579235,-1,-1,-1,-1,-1,-1,1,-1,-1,-1,-1,-1,-1,-1,-1,1,-1,-1,-1,-1,1,0,-1,-1,24.98962623,28.68113407,2,0
34,1.18852459,20,7.31147541,-1,-1,-1,-1,-1,-1,-1,1,-1,-1,-1,-1,-1,-1,-1,1,-1,-1,-1,-1,1,5,-1,-1,24.98962623,28.68113407,2,0
29,1.855191257,49,6.644808743,-1,-1,-1,-1,-1,-1,-1,1,-1,-1,-1,-1,-1,-1,-1,-1,1,-1,-1,-1,1,3,1,-1,24.98962623,28.68113407,2,1
16,1.202185792,30,7.297814208,-1,-1,-1,-1,-1,-1,-1,1,-1,-1,-1,-1,-1,-1,-1,-1,1,-1,-1,-1,1,0,-1,-1,24.98962623,28.68113407,2,1
7,2.199453552,46,6.300546448,-1,-1,-1,-1,-1,-1,-1,1,-1,-1,-1,-1,-1,-1,-1,-1,1,-1,-1,-1,1,2,1,-1,24.98962623,28.68113407,2,0
26,3.230874317,32,5.269125683,-1,-1,-1,-1,-1,-1,1,-1,-1,-1,-1,-1,-1,-1,-1,-1,-1,1,-1,-1,1,0,-1,-1,24.98962623,28.68113407,2,0
14,2.050546448,9,6.449453552,-1,-1,-1,-1,-1,-1,-1,1,-1,-1,-1,-1,-1,-1,-1,-1,-1,1,-1,-1,1,0,-1,-1,24.98962623,28.68113407,2,0
23,1.239071038,11,7.260928962,-1,-1,-1,-1,-1,-1,1,-1,-1,-1,-1,-1,-1,-1,-1,-1,-1,1,-1,-1,1,2,-1,-1,24.98962623,28.68113407,2,0
27,2.12568306,39,6.37431694,-1,-1,-1,-1,-1,-1,-1,1,-1,-1,-1,-1,-1,-1,-1,-1,-1,1,-1,-1,1,1,-1,-1,24.98962623,28.68113407,2,0
26,1.228142077,22,7.271857923,-1,-1,-1,-1,-1,-1,-1,1,-1,-1,-1,-1,-1,-1,-1,-1,-1,1,-1,-1,1,0,-1,-1,24.98962623,28.68113407,2,0
40,1.457650273,15,7.042349727,-1,-1,-1,-1,-1,-1,-1,1,-1,-1,-1,-1,-1,-1,-1,-1,-1,1,-1,-1,1,0,-1,-1,24.98962623,28.68113407,2,0
7,4.274590164,16,4.225409836,-1,1,-1,-1,-1,-1,-1,-1,-1,-1,-1,-1,-1,-1,-1,-1,-1,1,-1,-1,1,4,-1,1,24.98962623,28.68113407,2,0
12,1.702185792,4,6.797814208,-1,-1,-1,-1,-1,-1,-1,1,-1,-1,-1,-1,-1,-1,-1,-1,-1,1,-1,-1,1,1,-1,-1,24.98962623,28.68113407,2,1
7,1.868852459,14,6.631147541,-1,-1,-1,-1,-1,-1,-1,1,-1,-1,-1,-1,-1,-1,-1,-1,-1,1,-1,-1,1,2,-1,-1,24.98962623,28.68113407,2,0
14,3.180327869,2,5.319672131,-1,-1,-1,-1,-1,-1,-1,1,-1,-1,-1,-1,-1,-1,-1,-1,-1,1,-1,-1,1,3,-1,-1,24.98962623,28.68113407,2,1
6,1.390710383,16,7.109289617,-1,-1,-1,-1,-1,-1,1,-1,-1,-1,-1,-1,-1,-1,-1,-1,-1,1,-1,-1,1,0,-1,-1,24.98962623,28.68113407,2,1
8,1.047814208,8,7.452185792,-1,-1,-1,-1,-1,-1,-1,1,-1,-1,-1,-1,-1,-1,-1,-1,-1,-1,1,-1,1,0,-1,-1,24.98962623,28.68113407,2,1
8,0.803278689,17,7.696721311,-1,-1,-1,-1,-1,-1,-1,1,-1,-1,-1,-1,-1,-1,-1,-1,-1,-1,1,-1,1,2,-1,1,24.98962623,28.68113407,2,0
20,1.341530055,8,7.158469945,-1,-1,-1,-1,-1,-1,-1,1,-1,-1,-1,-1,-1,-1,-1,-1,-1,-1,-1,1,1,1,-1,-1,24.98962623,28.68113407,2,0
24,1.580601093,6,6.919398907,-1,-1,-1,-1,-1,-1,-1,1,-1,-1,-1,-1,-1,-1,-1,-1,-1,-1,-1,1,1,1,-1,-1,24.98962623,28.68113407,2,1
31,1.430327869,10,7.069672131,-1,-1,-1,-1,-1,-1,-1,1,-1,-1,-1,-1,-1,-1,-1,-1,-1,-1,-1,1,1,0,-1,-1,24.98962623,28.68113407,2,1
39,2.155737705,200,6.344262295,-1,-1,-1,-1,-1,-1,-1,1,-1,-1,-1,-1,-1,-1,-1,-1,-1,-1,-1,1,4,2,-1,1,24.98962623,28.68113407,2,0
25,1.105191257,17,7.394808743,-1,-1,-1,-1,-1,-1,-1,1,-1,-1,-1,-1,-1,-1,-1,-1,-1,-1,-1,1,1,3,-1,1,24.98962623,28.68113407,2,0
26,1.297814208,24,7.202185792,-1,-1,-1,-1,-1,-1,-1,1,1,-1,-1,-1,-1,-1,-1,-1,-1,-1,-1,-1,4,2,-1,-1,24.98962623,28.68113407,3,1
2,2.882513661,33,5.617486339,-1,1,-1,-1,-1,-1,-1,-1,-1,1,-1,-1,-1,-1,-1,-1,-1,-1,-1,-1,1,0,-1,-1,24.98962623,28.68113407,3,0
23,1.053278689,77,7.446721311,-1,-1,-1,-1,-1,-1,-1,1,-1,1,-1,-1,-1,-1,-1,-1,-1,-1,-1,-1,1,1,-1,-1,24.98962623,28.68113407,3,1
12,1.866120219,13,6.633879781,-1,-1,-1,-1,-1,-1,-1,1,-1,1,-1,-1,-1,-1,-1,-1,-1,-1,-1,-1,1,0,-1,-1,24.98962623,28.68113407,3,1
12,1.586065574,145,6.913934426,-1,-1,-1,-1,-1,-1,-1,1,-1,1,-1,-1,-1,-1,-1,-1,-1,-1,-1,-1,1,3,-1,-1,24.98962623,28.68113407,3,1
22,1.838797814,25,6.661202186,-1,-1,-1,-1,-1,-1,-1,1,-1,1,-1,-1,-1,-1,-1,-1,-1,-1,-1,-1,1,6,-1,-1,24.98962623,28.68113407,3,0
20,1.674863388,33,6.825136612,-1,1,-1,-1,-1,-1,-1,-1,-1,1,-1,-1,-1,-1,-1,-1,-1,-1,-1,-1,1,5,-1,-1,24.98962623,28.68113407,3,0
24,2.040983607,17,6.459016393,-1,-1,-1,-1,-1,-1,1,-1,-1,1,-1,-1,-1,-1,-1,-1,-1,-1,-1,-1,1,1,-1,-1,24.98962623,28.68113407,3,1
10,2.969945355,8,5.530054645,-1,-1,-1,-1,-1,-1,-1,1,-1,-1,1,-1,-1,-1,-1,-1,-1,-1,-1,-1,1,2,1,-1,24.98962623,28.68113407,3,1
19,1.241803279,6,7.258196721,-1,-1,-1,-1,-1,-1,-1,1,-1,-1,1,-1,-1,-1,-1,-1,-1,-1,-1,-1,1,0,-1,-1,24.98962623,28.68113407,3,1
16,2.636612022,30,5.863387978,-1,-1,-1,-1,-1,-1,-1,1,-1,-1,1,-1,-1,-1,-1,-1,-1,-1,-1,-1,1,2,-1,-1,24.98962623,28.68113407,3,0
31,3.911202186,28,4.588797814,-1,-1,-1,-1,-1,-1,-1,1,-1,-1,1,-1,-1,-1,-1,-1,-1,-1,-1,-1,1,2,-1,-1,24.98962623,28.68113407,3,1
20,1.196721311,61,7.303278689,-1,-1,-1,-1,-1,-1,-1,1,-1,-1,1,-1,-1,-1,-1,-1,-1,-1,-1,-1,1,2,-1,-1,24.98962623,28.68113407,3,0
15,2.569672131,25,5.930327869,-1,-1,-1,-1,-1,-1,-1,1,-1,-1,1,-1,-1,-1,-1,-1,-1,-1,-1,-1,1,1,-1,1,24.98962623,28.68113407,3,0
14,1.728142077,27,6.771857923,-1,-1,-1,-1,-1,-1,-1,1,-1,-1,-1,1,-1,-1,-1,-1,-1,-1,-1,-1,2,3,1,-1,24.98962623,28.68113407,3,1
24,2.696721311,5,5.803278689,-1,-1,-1,-1,-1,-1,-1,1,-1,-1,-1,1,-1,-1,-1,-1,-1,-1,-1,-1,1,0,-1,-1,24.98962623,28.68113407,3,0
12,2.355191257,6,6.144808743,-1,-1,-1,-1,-1,-1,1,-1,-1,-1,-1,1,-1,-1,-1,-1,-1,-1,-1,-1,2,0,-1,-1,24.98962623,28.68113407,3,0
27,4.330601093,7,4.169398907,-1,-1,-1,-1,-1,-1,-1,1,-1,-1,-1,1,-1,-1,-1,-1,-1,-1,-1,-1,1,0,-1,-1,24.98962623,28.68113407,3,0
40,1.020491803,40,7.479508197,-1,-1,-1,-1,-1,-1,-1,1,-1,-1,-1,-1,1,-1,-1,-1,-1,-1,-1,-1,1,0,-1,-1,24.98962623,28.68113407,3,1
17,2.120218579,28,6.379781421,-1,-1,-1,-1,-1,-1,-1,1,-1,-1,-1,-1,1,-1,-1,-1,-1,-1,-1,-1,1,2,1,-1,24.98962623,28.68113407,3,1
19,3.282786885,18,5.217213115,-1,-1,-1,-1,-1,-1,-1,1,-1,-1,-1,-1,1,-1,-1,-1,-1,-1,-1,-1,2,2,-1,-1,24.98962623,28.68113407,3,0
15,2.398907104,14,6.101092896,-1,-1,-1,-1,-1,-1,-1,1,-1,-1,-1,-1,1,-1,-1,-1,-1,-1,-1,-1,1,0,-1,-1,24.98962623,28.68113407,3,0
12,2.446721311,22,6.053278689,-1,-1,-1,-1,-1,-1,-1,1,-1,-1,-1,-1,1,-1,-1,-1,-1,-1,-1,-1,1,0,-1,-1,24.98962623,28.68113407,3,1
23,1.979508197,25,6.202683584,-1,-1,-1,-1,-1,-1,1,-1,-1,-1,-1,-1,1,-1,-1,-1,-1,-1,-1,-1,1,0,-1,-1,24.98962623,28.68113407,3,0
21,1.031420765,21,7.468579235,-1,-1,-1,-1,-1,-1,-1,1,-1,-1,-1,-1,-1,1,-1,-1,-1,-1,-1,-1,2,1,-1,-1,24.98962623,28.68113407,3,0
14,0.762295082,63,7.737704918,-1,-1,-1,-1,-1,-1,-1,1,-1,-1,-1,-1,-1,1,-1,-1,-1,-1,-1,-1,2,2,-1,-1,24.98962623,28.68113407,3,0
12,2.028688525,36,6.471311475,-1,1,-1,-1,-1,-1,-1,-1,-1,-1,-1,-1,-1,1,-1,-1,-1,-1,-1,-1,1,0,-1,-1,24.98962623,28.68113407,3,1
20,1.969945355,4,6.530054645,-1,1,-1,-1,-1,-1,-1,-1,-1,-1,-1,-1,-1,1,-1,-1,-1,-1,-1,-1,1,3,-1,-1,24.98962623,28.68113407,3,0
16,1.263661202,35,7.236338798,-1,-1,-1,-1,-1,-1,-1,1,-1,-1,-1,-1,-1,1,-1,-1,-1,-1,-1,-1,1,1,1,-1,24.98962623,28.68113407,3,1
29,1.538251366,31,6.961748634,-1,-1,-1,-1,-1,-1,-1,1,-1,-1,-1,-1,-1,1,-1,-1,-1,-1,-1,-1,1,2,-1,-1,24.98962623,28.68113407,3,0
23,0.762295082,8,7.737704918,-1,-1,-1,-1,-1,-1,-1,1,-1,-1,-1,-1,-1,-1,1,-1,-1,-1,-1,-1,1,0,-1,-1,58.22886566,61.64409704,3,0
17,4.06420765,22,4.43579235,-1,-1,-1,-1,-1,-1,1,-1,-1,-1,-1,-1,-1,-1,1,-1,-1,-1,-1,-1,1,0,-1,-1,58.22886566,61.64409704,3,1
17,1.724043716,6,6.775956284,-1,-1,-1,-1,-1,-1,-1,1,-1,-1,-1,-1,-1,-1,1,-1,-1,-1,-1,-1,1,0,-1,-1,58.22886566,61.64409704,3,0
31,1.93852459,17,6.56147541,-1,-1,-1,-1,-1,-1,1,-1,-1,-1,-1,-1,-1,-1,1,-1,-1,-1,-1,-1,1,4,-1,-1,58.22886566,61.64409704,3,1
23,0.838797814,14,7.661202186,-1,-1,-1,-1,-1,-1,-1,1,-1,-1,-1,-1,-1,-1,1,-1,-1,-1,-1,-1,1,1,1,-1,58.22886566,61.64409704,3,1
16,1.389344262,19,7.110655738,-1,-1,-1,-1,-1,-1,-1,1,-1,-1,-1,-1,-1,-1,-1,1,-1,-1,-1,-1,1,2,1,-1,58.22886566,61.64409704,3,1
16,2.222677596,25,6.277322404,-1,-1,-1,-1,-1,-1,-1,1,-1,-1,-1,-1,-1,-1,-1,1,-1,-1,-1,-1,1,20,-1,-1,58.22886566,61.64409704,3,1
38,2.413934426,22,6.086065574,-1,-1,-1,-1,-1,-1,-1,1,-1,-1,-1,-1,-1,-1,-1,1,-1,-1,-1,-1,1,10,1,-1,58.22886566,61.64409704,3,1
15,1.510928962,40,6.989071038,-1,-1,-1,-1,-1,-1,-1,1,-1,-1,-1,-1,-1,-1,-1,1,-1,-1,-1,-1,1,1,-1,-1,58.22886566,61.64409704,3,1
10,2.200819672,75,6.299180328,-1,-1,-1,-1,-1,-1,-1,1,-1,-1,-1,-1,-1,-1,-1,1,-1,-1,-1,-1,2,3,-1,-1,58.22886566,61.64409704,3,1
17,1.81420765,12,6.68579235,-1,-1,-1,-1,-1,-1,-1,1,-1,-1,-1,-1,-1,-1,-1,1,-1,-1,-1,-1,1,0,-1,-1,58.22886566,61.64409704,3,0
17,2.394808743,24,6.105191257,-1,-1,-1,-1,-1,-1,-1,1,-1,-1,-1,-1,-1,-1,-1,1,-1,-1,-1,-1,1,0,-1,-1,58.22886566,61.64409704,3,0
9,0.93852459,2,7.56147541,-1,-1,-1,-1,-1,-1,-1,1,-1,-1,-1,-1,-1,-1,-1,1,-1,-1,-1,-1,1,0,-1,-1,58.22886566,61.64409704,3,1
16,1.913934426,2,6.586065574,-1,-1,-1,-1,-1,-1,-1,1,-1,-1,-1,-1,-1,-1,-1,1,-1,-1,-1,-1,1,3,1,-1,58.22886566,61.64409704,3,1
11,0.804644809,63,7.508196721,-1,-1,-1,-1,-1,-1,-1,1,-1,-1,-1,-1,-1,-1,-1,1,-1,-1,-1,-1,2,2,-1,-1,58.22886566,61.64409704,3,1
13,1.177595628,13,7.322404372,-1,-1,-1,-1,-1,-1,-1,1,-1,-1,-1,-1,-1,-1,-1,-1,1,-1,-1,-1,1,2,-1,-1,58.22886566,61.64409704,3,1
8,2.463114754,10,6.036885246,-1,-1,-1,-1,-1,-1,-1,1,-1,-1,-1,-1,-1,-1,-1,-1,1,-1,-1,-1,2,3,1,-1,58.22886566,61.64409704,3,1
24,2.236338798,93,5.825305038,-1,-1,-1,-1,-1,-1,-1,1,-1,-1,-1,-1,-1,-1,-1,-1,1,-1,-1,-1,1,1,-1,-1,58.22886566,61.64409704,3,0
20,1.68989071,88,6.81010929,-1,-1,-1,-1,-1,-1,-1,1,-1,-1,-1,-1,-1,-1,-1,-1,-1,1,-1,-1,1,1,-1,-1,58.22886566,61.64409704,3,1
17,1.666666667,15,6.833333333,-1,-1,-1,-1,-1,-1,-1,1,-1,-1,-1,-1,-1,-1,-1,-1,-1,1,-1,-1,1,1,-1,-1,58.22886566,61.64409704,3,1
30,2.43579235,18,6.06420765,-1,-1,-1,-1,-1,-1,-1,1,-1,-1,-1,-1,-1,-1,-1,-1,-1,1,-1,-1,1,4,-1,-1,58.22886566,61.64409704,3,1
23,1.088797814,6,7.411202186,-1,-1,-1,-1,-1,-1,-1,1,-1,-1,-1,-1,-1,-1,-1,-1,-1,1,-1,-1,1,0,-1,-1,58.22886566,61.64409704,3,0
19,1.304644809,18,7.195355191,-1,-1,-1,-1,-1,-1,-1,1,-1,-1,-1,-1,-1,-1,-1,-1,-1,1,-1,-1,1,4,-1,-1,58.22886566,61.64409704,3,0
22,1.822404372,28,6.677595628,-1,-1,-1,-1,-1,-1,-1,1,-1,-1,-1,-1,-1,-1,-1,-1,-1,-1,1,-1,1,4,-1,1,58.22886566,61.64409704,3,0
14,1.528688525,22,4.647529755,-1,-1,-1,-1,-1,-1,-1,1,-1,-1,-1,-1,-1,-1,-1,-1,-1,-1,1,-1,2,4,1,-1,58.22886566,61.64409704,3,1
9,2.448087432,30,6.051912568,-1,-1,-1,-1,-1,-1,-1,1,-1,-1,-1,-1,-1,-1,-1,-1,-1,-1,1,-1,1,1,-1,-1,58.22886566,61.64409704,3,1
15,3.086065574,13,5.413934426,-1,-1,1,-1,-1,-1,-1,-1,-1,-1,-1,-1,-1,-1,-1,-1,-1,-1,1,-1,1,1,-1,-1,58.22886566,61.64409704,3,1
19,2.110655738,30,6.123590838,-1,-1,-1,-1,-1,-1,-1,1,-1,-1,-1,-1,-1,-1,-1,-1,-1,-1,1,-1,1,2,-1,-1,58.22886566,61.64409704,3,0
12,2.908469945,15,5.591530055,-1,-1,-1,-1,-1,-1,-1,1,-1,-1,-1,-1,-1,-1,-1,-1,-1,-1,1,-1,1,4,1,-1,58.22886566,61.64409704,3,1
7,1.094262295,24,6.357923497,-1,-1,-1,-1,-1,-1,-1,1,-1,-1,-1,-1,-1,-1,-1,-1,-1,-1,1,-1,4,2,-1,-1,58.22886566,61.64409704,3,1
15,3.113387978,48,5.386612022,-1,-1,-1,-1,-1,-1,1,-1,-1,-1,-1,-1,-1,-1,-1,-1,-1,-1,1,-1,1,0,-1,-1,58.22886566,61.64409704,3,1
6,1.016393443,27,6.142076503,-1,-1,-1,-1,-1,-1,-1,1,-1,-1,-1,-1,-1,-1,-1,-1,-1,-1,1,-1,2,3,1,-1,58.22886566,61.64409704,3,1
26,0.804644809,10,7.695355191,-1,-1,-1,-1,-1,-1,-1,1,-1,-1,-1,-1,-1,-1,-1,-1,-1,-1,1,-1,1,2,-1,-1,58.22886566,61.64409704,3,0
23,1.211748634,22,7.280032188,-1,-1,-1,-1,-1,-1,-1,1,-1,-1,-1,-1,-1,-1,-1,-1,-1,-1,-1,1,1,0,-1,-1,58.22886566,61.64409704,3,1
23,1.228142077,10,7.271857923,-1,-1,-1,-1,-1,-1,-1,1,-1,-1,-1,-1,-1,-1,-1,-1,-1,-1,-1,1,1,2,-1,1,58.22886566,61.64409704,3,0
27,2.464480874,40,6.035519126,-1,-1,-1,-1,-1,-1,1,-1,1,-1,-1,-1,-1,-1,-1,-1,-1,-1,-1,-1,1,15,1,-1,58.22886566,61.64409704,4,0
21,3.639344262,33,4.860655738,-1,-1,-1,-1,-1,-1,1,-1,1,-1,-1,-1,-1,-1,-1,-1,-1,-1,-1,-1,1,21,1,-1,58.22886566,61.64409704,4,1
20,1.620218579,76,6.879781421,-1,-1,-1,-1,-1,-1,-1,1,1,-1,-1,-1,-1,-1,-1,-1,-1,-1,-1,-1,2,2,-1,1,58.22886566,61.64409704,4,0
5,0.959016393,19,7.540983607,-1,-1,-1,-1,-1,-1,-1,1,1,-1,-1,-1,-1,-1,-1,-1,-1,-1,-1,-1,1,3,-1,1,58.22886566,61.64409704,4,0
38,3.81147541,36,4.68852459,-1,-1,-1,-1,-1,-1,1,-1,1,-1,-1,-1,-1,-1,-1,-1,-1,-1,-1,-1,1,0,-1,-1,58.22886566,61.64409704,4,1
16,1.521857923,9,6.978142077,-1,-1,-1,-1,-1,-1,-1,1,1,-1,-1,-1,-1,-1,-1,-1,-1,-1,-1,-1,1,2,-1,-1,58.22886566,61.64409704,4,1
23,1.487704918,26,7.012295082,-1,-1,-1,-1,-1,-1,-1,1,1,-1,-1,-1,-1,-1,-1,-1,-1,-1,-1,-1,1,0,-1,-1,58.22886566,61.64409704,4,0
25,1.274590164,33,7.225409836,-1,-1,-1,-1,-1,-1,-1,1,1,-1,-1,-1,-1,-1,-1,-1,-1,-1,-1,-1,1,1,-1,-1,58.22886566,61.64409704,4,1
6,2.371584699,5,6.128415301,-1,-1,-1,-1,-1,-1,1,-1,1,-1,-1,-1,-1,-1,-1,-1,-1,-1,-1,-1,1,1,-1,-1,58.22886566,61.64409704,4,0
26,2.101092896,43,6.398907104,-1,-1,-1,-1,-1,-1,-1,1,-1,1,-1,-1,-1,-1,-1,-1,-1,-1,-1,-1,1,0,-1,-1,58.22886566,61.64409704,4,1
21,2.193989071,99,6.306010929,-1,-1,-1,-1,-1,-1,-1,1,-1,1,-1,-1,-1,-1,-1,-1,-1,-1,-1,-1,3,1,-1,-1,58.22886566,61.64409704,4,1
31,1.281420765,200,5.196721311,-1,-1,-1,-1,-1,-1,-1,1,-1,1,-1,-1,-1,-1,-1,-1,-1,-1,-1,-1,4,2,-1,1,58.22886566,61.64409704,4,1
17,1.465846995,68,7.034153005,-1,-1,-1,-1,-1,-1,-1,1,-1,1,-1,-1,-1,-1,-1,-1,-1,-1,-1,-1,1,0,-1,-1,58.22886566,61.64409704,4,1
20,2.505464481,12,5.893165656,-1,-1,-1,-1,-1,-1,-1,1,-1,1,-1,-1,-1,-1,-1,-1,-1,-1,-1,-1,1,0,-1,-1,58.22886566,61.64409704,4,0
12,1.346994536,13,7.153005464,-1,-1,-1,-1,-1,-1,-1,1,-1,-1,1,-1,-1,-1,-1,-1,-1,-1,-1,-1,1,0,-1,-1,58.22886566,61.64409704,4,1
19,2.703551913,14,5.796448087,-1,-1,-1,-1,-1,-1,-1,1,-1,-1,1,-1,-1,-1,-1,-1,-1,-1,-1,-1,2,0,-1,-1,58.22886566,61.64409704,4,0
13,2.027322404,37,6.472677596,-1,-1,-1,-1,-1,-1,1,-1,-1,-1,1,-1,-1,-1,-1,-1,-1,-1,-1,-1,1,0,-1,-1,58.22886566,61.64409704,4,0
15,2.107923497,26,6.392076503,-1,-1,-1,-1,-1,-1,-1,1,-1,-1,1,-1,-1,-1,-1,-1,-1,-1,-1,-1,2,4,-1,1,58.22886566,61.64409704,4,0
6,1.516393443,0,6.983606557,-1,-1,-1,-1,-1,-1,-1,1,-1,-1,1,-1,-1,-1,-1,-1,-1,-1,-1,-1,1,0,-1,-1,58.22886566,61.64409704,4,0
24,1.931693989,68,6.568306011,-1,-1,-1,-1,-1,-1,-1,1,-1,-1,-1,1,-1,-1,-1,-1,-1,-1,-1,-1,1,2,1,-1,58.22886566,61.64409704,4,1
20,1.06420765,25,7.43579235,-1,-1,-1,-1,-1,-1,-1,1,-1,-1,-1,1,-1,-1,-1,-1,-1,-1,-1,-1,1,6,-1,1,58.22886566,61.64409704,4,1
10,2.908469945,12,5.591530055,-1,-1,-1,-1,-1,-1,-1,1,-1,-1,-1,1,-1,-1,-1,-1,-1,-1,-1,-1,1,0,-1,-1,58.22886566,61.64409704,4,1
19,1.644808743,11,6.855191257,-1,-1,-1,-1,-1,-1,-1,1,-1,-1,-1,1,-1,-1,-1,-1,-1,-1,-1,-1,1,4,-1,-1,58.22886566,61.64409704,4,1
22,2.68579235,25,5.81420765,-1,-1,-1,-1,-1,-1,-1,1,-1,-1,-1,1,-1,-1,-1,-1,-1,-1,-1,-1,1,2,-1,-1,58.22886566,61.64409704,4,1
48,2.956284153,16,5.543715847,-1,-1,-1,-1,-1,-1,-1,1,-1,-1,-1,1,-1,-1,-1,-1,-1,-1,-1,-1,1,2,-1,-1,58.22886566,61.64409704,4,1
9,1.244535519,71,7.255464481,-1,-1,-1,-1,-1,-1,-1,1,-1,-1,-1,1,-1,-1,-1,-1,-1,-1,-1,-1,1,2,-1,-1,58.22886566,61.64409704,4,0
24,1.163934426,44,7.336065574,-1,-1,-1,-1,-1,-1,-1,1,-1,-1,-1,-1,1,-1,-1,-1,-1,-1,-1,-1,1,4,1,-1,58.22886566,61.64409704,4,1
23,1.494535519,32,7.005464481,-1,-1,-1,-1,-1,-1,-1,1,-1,-1,-1,-1,1,-1,-1,-1,-1,-1,-1,-1,1,2,-1,1,58.22886566,61.64409704,4,0
11,1.709016393,68,6.31975073,-1,-1,-1,-1,-1,-1,-1,1,-1,-1,-1,-1,1,-1,-1,-1,-1,-1,-1,-1,1,0,-1,-1,58.22886566,61.64409704,4,1
12,2.531420765,26,5.968579235,-1,-1,-1,-1,-1,-1,-1,1,-1,-1,-1,-1,1,-1,-1,-1,-1,-1,-1,-1,1,3,-1,-1,58.22886566,61.64409704,4,1
27,3.103825137,13,5.396174863,-1,-1,-1,-1,-1,-1,-1,1,-1,-1,-1,-1,1,-1,-1,-1,-1,-1,-1,-1,1,2,-1,-1,58.22886566,61.64409704,4,0
9,3.547814208,29,2.887978142,-1,-1,-1,-1,-1,-1,-1,1,-1,-1,-1,-1,1,-1,-1,-1,-1,-1,-1,-1,2,0,-1,-1,58.22886566,61.64409704,4,1
19,1.933060109,10,6.566939891,-1,-1,-1,-1,-1,-1,-1,1,-1,-1,-1,-1,1,-1,-1,-1,-1,-1,-1,-1,1,0,-1,-1,58.22886566,61.64409704,4,1
17,6.204918033,44,2.295081967,-1,-1,-1,-1,-1,-1,-1,1,-1,-1,-1,-1,1,-1,-1,-1,-1,-1,-1,-1,1,5,-1,1,58.22886566,61.64409704,4,0
16,1.786885246,15,6.713114754,-1,1,-1,-1,-1,-1,-1,-1,-1,-1,-1,-1,-1,1,-1,-1,-1,-1,-1,-1,1,6,1,-1,58.22886566,61.64409704,4,1
28,2.642076503,107,5.857923497,-1,-1,-1,-1,-1,-1,-1,1,-1,-1,-1,-1,-1,1,-1,-1,-1,-1,-1,-1,1,5,-1,-1,58.22886566,61.64409704,4,1
43,1.394808743,14,7.105191257,-1,-1,-1,-1,-1,-1,-1,1,-1,-1,-1,-1,-1,1,-1,-1,-1,-1,-1,-1,1,0,-1,-1,58.22886566,61.64409704,4,0
20,1.403005464,23,7.096994536,-1,-1,-1,-1,-1,-1,-1,1,-1,-1,-1,-1,-1,1,-1,-1,-1,-1,-1,-1,1,1,1,-1,58.22886566,61.64409704,4,1
24,1.594262295,12,6.905737705,-1,-1,-1,-1,-1,-1,-1,1,-1,-1,-1,-1,-1,1,-1,-1,-1,-1,-1,-1,1,2,-1,-1,58.22886566,61.64409704,4,1
36,1.403005464,22,7.096994536,-1,-1,-1,-1,-1,-1,-1,1,-1,-1,-1,-1,-1,1,-1,-1,-1,-1,-1,-1,1,1,-1,-1,58.22886566,61.64409704,4,1
28,2.478142077,9,6.021857923,-1,-1,-1,-1,-1,-1,-1,1,-1,-1,-1,-1,-1,-1,1,-1,-1,-1,-1,-1,1,0,-1,-1,38.66868736,44.13776778,4,0
6,0.894808743,24,5.721311475,-1,-1,-1,-1,-1,-1,-1,1,-1,-1,-1,-1,-1,-1,1,-1,-1,-1,-1,-1,4,2,-1,-1,38.66868736,44.13776778,4,0
16,1.209016393,9,7.290983607,-1,-1,-1,-1,-1,-1,-1,1,-1,-1,-1,-1,-1,-1,1,-1,-1,-1,-1,-1,1,3,-1,-1,38.66868736,44.13776778,4,1
12,2.508196721,21,5.991803279,-1,-1,-1,-1,-1,-1,-1,1,-1,-1,-1,-1,-1,-1,1,-1,-1,-1,-1,-1,1,0,-1,-1,38.66868736,44.13776778,4,1
12,1.513661202,5,6.986338798,-1,-1,-1,-1,-1,-1,-1,1,-1,-1,-1,-1,-1,-1,1,-1,-1,-1,-1,-1,1,0,-1,-1,38.66868736,44.13776778,4,0
12,3.047814208,14,5.452185792,-1,-1,-1,-1,-1,-1,-1,1,-1,-1,-1,-1,-1,-1,1,-1,-1,-1,-1,-1,2,3,-1,1,38.66868736,44.13776778,4,0
14,1.974043716,46,3.766393443,-1,-1,-1,-1,-1,-1,1,-1,-1,-1,-1,-1,-1,-1,1,-1,-1,-1,-1,-1,3,0,-1,-1,38.66868736,44.13776778,4,0
14,1.352459016,15,7.114664271,-1,-1,-1,-1,-1,-1,-1,1,-1,-1,-1,-1,-1,-1,1,-1,-1,-1,-1,-1,1,0,-1,-1,38.66868736,44.13776778,4,1
27,1.516393443,16,6.904154503,-1,-1,-1,-1,-1,-1,-1,1,-1,-1,-1,-1,-1,-1,1,-1,-1,-1,-1,-1,1,0,-1,-1,38.66868736,44.13776778,4,1
5,2.43715847,5,6.029964818,-1,-1,-1,-1,-1,-1,-1,1,-1,-1,-1,-1,-1,-1,-1,1,-1,-1,-1,-1,1,0,-1,-1,38.66868736,44.13776778,4,0
15,2.06147541,3,6.43852459,-1,-1,-1,-1,-1,-1,-1,1,-1,-1,-1,-1,-1,-1,-1,1,-1,-1,-1,-1,1,0,-1,-1,38.66868736,44.13776778,4,0
19,1.530054645,68,4.368852459,-1,-1,-1,-1,-1,-1,-1,1,-1,-1,-1,-1,-1,-1,-1,1,-1,-1,-1,-1,4,3,-1,1,38.66868736,44.13776778,4,0
13,5.327868852,34,3.172131148,-1,-1,-1,-1,-1,-1,-1,1,-1,-1,-1,-1,-1,-1,-1,1,-1,-1,-1,-1,2,3,-1,1,38.66868736,44.13776778,4,0
8,1.538251366,21,6.170518003,-1,-1,-1,-1,-1,-1,-1,1,-1,-1,-1,-1,-1,-1,-1,1,-1,-1,-1,-1,2,1,-1,-1,38.66868736,44.13776778,4,0
18,1.836065574,22,6.663934426,-1,-1,-1,-1,-1,-1,-1,1,-1,-1,-1,-1,-1,-1,-1,1,-1,-1,-1,-1,1,4,-1,1,38.66868736,44.13776778,4,0
25,1.397540984,9,7.102459016,-1,-1,-1,-1,-1,-1,-1,1,-1,-1,-1,-1,-1,-1,-1,-1,1,-1,-1,-1,1,2,-1,-1,38.66868736,44.13776778,4,0
21,1.24726776,75,5.245901639,-1,-1,-1,-1,-1,-1,-1,1,-1,-1,-1,-1,-1,-1,-1,-1,1,-1,-1,-1,2,3,-1,-1,38.66868736,44.13776778,4,1
33,2.87568306,1,5.013358036,-1,-1,-1,-1,-1,-1,-1,1,-1,-1,-1,-1,-1,-1,-1,-1,1,-1,-1,-1,1,0,-1,-1,38.66868736,44.13776778,4,1
20,1.591530055,17,6.908469945,-1,-1,-1,-1,-1,-1,-1,1,-1,-1,-1,-1,-1,-1,-1,-1,1,-1,-1,-1,1,0,-1,-1,38.66868736,44.13776778,4,0
26,2.386612022,30,6.113387978,-1,-1,-1,-1,-1,-1,-1,1,-1,-1,-1,-1,-1,-1,-1,-1,1,-1,-1,-1,1,3,-1,-1,38.66868736,44.13776778,4,1
11,1.709016393,10,6.790983607,-1,-1,-1,-1,-1,-1,1,-1,-1,-1,-1,-1,-1,-1,-1,-1,1,-1,-1,-1,1,0,-1,-1,38.66868736,44.13776778,4,1
20,1.946721311,14,6.553278689,-1,-1,-1,-1,-1,-1,1,-1,-1,-1,-1,-1,-1,-1,-1,-1,1,-1,-1,-1,1,0,-1,-1,38.66868736,44.13776778,4,1
44,1.930327869,8,6.50117898,-1,1,-1,-1,-1,-1,-1,-1,-1,-1,-1,-1,-1,-1,-1,-1,1,-1,-1,-1,2,1,-1,-1,38.66868736,44.13776778,4,0
20,1.568306011,4,6.890598099,-1,1,-1,-1,-1,-1,-1,-1,-1,-1,-1,-1,-1,-1,-1,-1,1,-1,-1,-1,1,2,-1,-1,38.66868736,44.13776778,4,1
22,0.896174863,63,7.603825137,-1,-1,-1,-1,-1,-1,-1,1,-1,-1,-1,-1,-1,-1,-1,-1,1,-1,-1,-1,1,6,1,-1,38.66868736,44.13776778,4,1
22,2.5,29,6,-1,-1,-1,-1,-1,-1,-1,1,-1,-1,-1,-1,-1,-1,-1,-1,1,-1,-1,-1,1,0,-1,-1,38.66868736,44.13776778,4,0
42,1.995901639,20,6.504098361,-1,-1,-1,-1,-1,-1,-1,1,-1,-1,-1,-1,-1,-1,-1,-1,1,-1,-1,-1,1,3,-1,-1,38.66868736,44.13776778,4,1
28,2.389344262,13,5.749011902,-1,-1,-1,-1,-1,-1,-1,1,-1,-1,-1,-1,-1,-1,-1,-1,-1,1,-1,-1,1,3,1,-1,38.66868736,44.13776778,4,1
15,1.693989071,10,6.806010929,-1,-1,-1,-1,-1,-1,-1,1,-1,-1,-1,-1,-1,-1,-1,-1,-1,1,-1,-1,1,0,-1,-1,38.66868736,44.13776778,4,1
17,2.071038251,25,6.428961749,-1,-1,-1,1,-1,-1,-1,-1,-1,-1,-1,-1,-1,-1,-1,-1,-1,1,-1,-1,1,0,-1,-1,38.66868736,44.13776778,4,0
30,1.468579235,19,7.031420765,-1,-1,-1,-1,-1,-1,-1,1,-1,-1,-1,-1,-1,-1,-1,-1,-1,1,-1,-1,1,5,-1,1,38.66868736,44.13776778,4,0
16,1.801912568,17,6.572060034,-1,-1,-1,-1,-1,-1,1,-1,-1,-1,-1,-1,-1,-1,-1,-1,-1,1,-1,-1,1,3,1,-1,38.66868736,44.13776778,4,1
24,1.726775956,83,6.773224044,-1,-1,-1,-1,-1,-1,-1,1,-1,-1,-1,-1,-1,-1,-1,-1,-1,1,-1,-1,1,3,-1,1,38.66868736,44.13776778,4,0
43,4.139344262,32,4.360655738,-1,-1,-1,-1,-1,-1,-1,1,-1,-1,-1,-1,-1,-1,-1,-1,-1,-1,1,-1,2,6,1,-1,38.66868736,44.13776778,4,1
17,1.128415301,76,6.073770492,-1,-1,-1,-1,-1,-1,-1,1,-1,-1,-1,-1,-1,-1,-1,-1,-1,-1,1,-1,2,2,-1,1,38.66868736,44.13776778,4,0
26,1.800546448,19,6.699453552,-1,-1,-1,-1,-1,-1,-1,1,-1,-1,-1,-1,-1,-1,-1,-1,-1,-1,1,-1,1,4,-1,1,38.66868736,44.13776778,4,0
14,0.744535519,4,7.755464481,-1,-1,-1,-1,-1,-1,-1,1,-1,-1,-1,-1,-1,-1,-1,-1,-1,-1,1,-1,1,4,-1,1,38.66868736,44.13776778,4,1
14,2.282786885,12,6.217213115,-1,-1,-1,-1,-1,-1,-1,1,-1,-1,-1,-1,-1,-1,-1,-1,-1,-1,1,-1,3,0,-1,-1,38.66868736,44.13776778,4,1
5,5.077868852,67,3.422131148,-1,-1,-1,-1,-1,-1,-1,1,-1,-1,-1,-1,-1,-1,-1,-1,-1,-1,1,-1,2,3,-1,-1,38.66868736,44.13776778,4,0
4,3.844262295,5,4.655737705,-1,-1,1,-1,-1,-1,-1,-1,-1,-1,-1,-1,-1,-1,-1,-1,-1,-1,1,-1,1,7,-1,1,38.66868736,44.13776778,4,0
15,2.489071038,6,5.838326222,-1,-1,-1,-1,-1,-1,-1,1,-1,-1,-1,-1,-1,-1,-1,-1,-1,-1,-1,1,1,0,-1,-1,38.66868736,44.13776778,4,0
20,1.703551913,38,6.796448087,-1,-1,-1,-1,-1,-1,-1,1,-1,-1,-1,-1,-1,-1,-1,-1,-1,-1,-1,1,1,1,-1,-1,38.66868736,44.13776778,4,1
20,0.62295082,61,7.87704918,-1,-1,-1,-1,-1,-1,-1,1,-1,-1,-1,-1,-1,-1,-1,-1,-1,-1,-1,1,1,2,-1,-1,38.66868736,44.13776778,4,0
22,1.337431694,25,7.162568306,-1,-1,-1,-1,-1,-1,-1,1,-1,-1,-1,-1,-1,-1,-1,-1,-1,-1,-1,1,1,2,-1,-1,38.66868736,44.13776778,4,0
7,2.295081967,18,6.070671457,-1,-1,-1,-1,-1,-1,-1,1,-1,-1,-1,-1,-1,-1,-1,-1,-1,-1,-1,1,1,0,-1,-1,38.66868736,44.13776778,4,0
41,1.978142077,36,6.521857923,-1,-1,-1,-1,-1,-1,-1,1,-1,-1,-1,-1,-1,-1,-1,-1,-1,-1,-1,1,1,4,1,-1,38.66868736,44.13776778,4,1
38,3.105191257,78,5.013986825,-1,-1,-1,-1,-1,-1,1,-1,-1,-1,-1,-1,-1,-1,-1,-1,-1,-1,-1,1,1,5,-1,1,38.66868736,44.13776778,4,1
35,1.93579235,18,6.56420765,-1,-1,-1,-1,-1,-1,-1,1,-1,-1,-1,-1,-1,-1,-1,-1,-1,-1,-1,1,1,1,-1,-1,38.66868736,44.13776778,4,1
37,2.527322404,33,5.972677596,-1,-1,-1,-1,-1,-1,-1,1,-1,-1,-1,-1,-1,-1,-1,-1,-1,-1,-1,1,1,4,-1,-1,38.66868736,44.13776778,4,1
20,1.803278689,32,6.696721311,-1,-1,-1,-1,-1,-1,-1,1,-1,-1,-1,-1,-1,-1,-1,-1,-1,-1,-1,1,1,1,-1,-1,38.66868736,44.13776778,4,0
4,3.886612022,28,4.613387978,-1,-1,-1,-1,-1,-1,-1,1,-1,-1,-1,-1,-1,-1,-1,-1,-1,-1,-1,1,1,2,-1,-1,38.66868736,44.13776778,4,1
27,2.102459016,9,6.315349203,-1,-1,-1,-1,-1,-1,-1,1,-1,-1,-1,-1,-1,-1,-1,-1,-1,-1,-1,1,1,3,-1,-1,38.66868736,44.13776778,4,0
22,2.357923497,22,6.142076503,-1,-1,-1,-1,-1,-1,-1,1,-1,-1,-1,-1,-1,-1,-1,-1,-1,-1,-1,1,1,1,-1,-1,38.66868736,44.13776778,4,0
26,1.394808743,21,7.105191257,-1,-1,-1,-1,-1,-1,-1,1,-1,-1,-1,-1,-1,-1,-1,-1,-1,-1,-1,1,1,17,-1,-1,38.66868736,44.13776778,4,0
13,1.054644809,19,7.445355191,-1,-1,-1,-1,-1,-1,-1,1,-1,-1,-1,-1,-1,-1,-1,-1,-1,-1,-1,1,1,2,-1,-1,38.66868736,44.13776778,4,0
29,1.724043716,4,6.775956284,-1,-1,-1,-1,-1,-1,-1,1,-1,-1,-1,-1,-1,-1,-1,-1,-1,-1,-1,1,1,2,-1,-1,38.66868736,44.13776778,4,0
20,1.280054645,17,7.219945355,-1,-1,-1,-1,-1,-1,-1,1,-1,-1,-1,-1,-1,-1,-1,-1,-1,-1,-1,1,1,2,1,-1,38.66868736,44.13776778,4,1
16,1.919398907,16,6.509368216,-1,-1,-1,-1,-1,-1,-1,1,-1,-1,-1,-1,-1,-1,-1,-1,-1,-1,-1,1,1,2,1,-1,38.66868736,44.13776778,4,1
20,1.967213115,22,6.532786885,-1,-1,-1,-1,-1,-1,-1,1,1,-1,-1,-1,-1,-1,-1,-1,-1,-1,-1,-1,1,4,-1,1,38.66868736,44.13776778,5,0
41,2.636612022,21,5.192155101,-1,-1,-1,-1,-1,-1,-1,1,1,-1,-1,-1,-1,-1,-1,-1,-1,-1,-1,-1,1,2,-1,1,38.66868736,44.13776778,5,1
8,2.655737705,12,4.756591062,-1,-1,-1,-1,-1,-1,-1,1,1,-1,-1,-1,-1,-1,-1,-1,-1,-1,-1,-1,1,2,-1,1,38.66868736,44.13776778,5,1
8,1.140710383,10,7.359289617,-1,-1,-1,-1,-1,-1,-1,1,1,-1,-1,-1,-1,-1,-1,-1,-1,-1,-1,-1,1,0,-1,-1,38.66868736,44.13776778,5,1
33,1.696721311,50,6.803278689,-1,-1,-1,-1,-1,-1,-1,1,1,-1,-1,-1,-1,-1,-1,-1,-1,-1,-1,-1,1,0,-1,-1,38.66868736,44.13776778,5,1
13,2.330601093,29,6.169398907,-1,-1,-1,-1,-1,-1,-1,1,1,-1,-1,-1,-1,-1,-1,-1,-1,-1,-1,-1,1,2,-1,1,38.66868736,44.13776778,5,0
25,2.853825137,62,5.646174863,-1,-1,-1,-1,-1,-1,1,-1,-1,1,-1,-1,-1,-1,-1,-1,-1,-1,-1,-1,1,0,-1,-1,38.66868736,44.13776778,5,1
11,2.911202186,9,5.588797814,-1,-1,-1,-1,-1,-1,1,-1,-1,1,-1,-1,-1,-1,-1,-1,-1,-1,-1,-1,1,2,-1,-1,38.66868736,44.13776778,5,1
18,1.204918033,8,7.295081967,-1,-1,-1,-1,-1,-1,-1,1,-1,1,-1,-1,-1,-1,-1,-1,-1,-1,-1,-1,1,1,-1,-1,38.66868736,44.13776778,5,0
25,2.086065574,35,6.413934426,-1,-1,-1,-1,-1,-1,-1,1,-1,1,-1,-1,-1,-1,-1,-1,-1,-1,-1,-1,1,0,-1,-1,38.66868736,44.13776778,5,1
41,2.62431694,40,5.349655663,-1,1,-1,-1,-1,-1,-1,-1,-1,1,-1,-1,-1,-1,-1,-1,-1,-1,-1,-1,1,0,-1,-1,38.66868736,44.13776778,5,0
16,2.800546448,30,5.699453552,-1,-1,-1,-1,-1,-1,-1,1,-1,-1,1,-1,-1,-1,-1,-1,-1,-1,-1,-1,1,1,-1,-1,38.66868736,44.13776778,5,1
25,1.892076503,25,6.607923497,-1,-1,-1,-1,-1,-1,-1,1,-1,-1,1,-1,-1,-1,-1,-1,-1,-1,-1,-1,1,7,-1,-1,38.66868736,44.13776778,5,1
25,2.027322404,33,6.472677596,-1,-1,-1,-1,-1,-1,-1,1,-1,-1,1,-1,-1,-1,-1,-1,-1,-1,-1,-1,1,0,-1,-1,38.66868736,44.13776778,5,1
20,2.199453552,14,6.300546448,-1,-1,-1,-1,-1,-1,-1,1,-1,-1,1,-1,-1,-1,-1,-1,-1,-1,-1,-1,1,1,-1,-1,38.66868736,44.13776778,5,1
14,1.202185792,8,7.297814208,-1,-1,-1,-1,-1,-1,-1,1,-1,-1,1,-1,-1,-1,-1,-1,-1,-1,-1,-1,1,2,-1,-1,38.66868736,44.13776778,5,0
16,1.278688525,4,7.221311475,-1,-1,-1,-1,-1,-1,-1,1,-1,-1,-1,1,-1,-1,-1,-1,-1,-1,-1,-1,1,2,-1,-1,38.66868736,44.13776778,5,0
22,2.12568306,36,6.37431694,-1,-1,-1,-1,-1,-1,-1,1,-1,-1,-1,1,-1,-1,-1,-1,-1,-1,-1,-1,1,4,-1,1,38.66868736,44.13776778,5,0
24,1.306010929,18,7.193989071,-1,-1,-1,-1,-1,-1,-1,1,-1,-1,-1,1,-1,-1,-1,-1,-1,-1,-1,-1,1,3,-1,-1,38.66868736,44.13776778,5,0
18,1.967213115,17,6.532786885,-1,-1,-1,-1,-1,-1,-1,1,-1,-1,-1,1,-1,-1,-1,-1,-1,-1,-1,-1,1,1,-1,-1,38.66868736,44.13776778,5,1
21,1.306010929,20,7.193989071,-1,-1,-1,-1,-1,-1,-1,1,-1,-1,-1,1,-1,-1,-1,-1,-1,-1,-1,-1,1,1,-1,-1,38.66868736,44.13776778,5,1
33,3.56557377,1,4.93442623,-1,-1,-1,-1,-1,-1,-1,1,-1,-1,-1,1,-1,-1,-1,-1,-1,-1,-1,-1,1,1,-1,-1,38.66868736,44.13776778,5,1
33,1.045081967,17,7.454918033,-1,-1,-1,-1,-1,-1,-1,1,-1,-1,-1,-1,1,-1,-1,-1,-1,-1,-1,-1,1,2,-1,-1,38.66868736,44.13776778,5,1
35,3.644808743,27,3.649711805,-1,-1,-1,-1,-1,-1,-1,1,-1,-1,-1,-1,1,-1,-1,-1,-1,-1,-1,-1,1,2,-1,-1,38.66868736,44.13776778,5,1
39,1.336065574,37,7.163934426,-1,-1,-1,-1,-1,-1,-1,1,-1,-1,-1,-1,1,-1,-1,-1,-1,-1,-1,-1,1,6,-1,1,38.66868736,44.13776778,5,1
24,1.37295082,13,7.12704918,-1,-1,-1,-1,-1,-1,-1,1,-1,-1,-1,-1,1,-1,-1,-1,-1,-1,-1,-1,1,0,-1,-1,38.66868736,44.13776778,5,0
22,1.755464481,12,6.744535519,-1,-1,-1,-1,-1,-1,-1,1,-1,-1,-1,-1,1,-1,-1,-1,-1,-1,-1,-1,1,1,-1,-1,38.66868736,44.13776778,5,1
7,2.203551913,8,5.833434389,-1,-1,-1,-1,-1,-1,-1,1,-1,-1,-1,-1,1,-1,-1,-1,-1,-1,-1,-1,1,1,-1,-1,38.66868736,44.13776778,5,0
19,2.155737705,10,6.344262295,-1,-1,-1,-1,-1,-1,-1,1,-1,-1,-1,-1,1,-1,-1,-1,-1,-1,-1,-1,1,3,-1,1,38.66868736,44.13776778,5,0
23,1.857923497,4,6.642076503,-1,-1,-1,-1,-1,-1,-1,1,-1,-1,-1,-1,1,-1,-1,-1,-1,-1,-1,-1,1,3,1,-1,38.66868736,44.13776778,5,1
9,2.086065574,25,6.413934426,-1,-1,-1,-1,-1,-1,-1,1,-1,-1,-1,-1,1,-1,-1,-1,-1,-1,-1,-1,1,1,-1,-1,38.66868736,44.13776778,5,1
32,1.083333333,20,7.416666667,-1,-1,-1,-1,-1,-1,-1,1,-1,-1,-1,-1,1,-1,-1,-1,-1,-1,-1,-1,1,3,-1,-1,38.66868736,44.13776778,5,1
25,1.838797814,13,6.661202186,-1,-1,-1,-1,-1,-1,-1,1,-1,-1,-1,-1,1,-1,-1,-1,-1,-1,-1,-1,1,9,-1,-1,38.66868736,44.13776778,5,1
14,2.010928962,8,6.489071038,-1,-1,-1,-1,-1,-1,-1,1,-1,-1,-1,-1,1,-1,-1,-1,-1,-1,-1,-1,1,0,-1,-1,38.66868736,44.13776778,5,0
17,2.178961749,92,6.274462909,-1,-1,-1,-1,-1,-1,-1,1,-1,-1,-1,-1,-1,1,-1,-1,-1,-1,-1,-1,1,2,-1,-1,38.66868736,44.13776778,5,1
28,2.508196721,29,5.991803279,-1,-1,-1,-1,-1,-1,-1,1,-1,-1,-1,-1,-1,1,-1,-1,-1,-1,-1,-1,3,10,1,-1,38.66868736,44.13776778,5,1
19,2.413934426,20,6.086065574,-1,-1,-1,-1,-1,-1,-1,1,-1,-1,-1,-1,-1,1,-1,-1,-1,-1,-1,-1,1,0,-1,-1,38.66868736,44.13776778,5,1
24,1.277322404,266,7.222677596,-1,-1,-1,-1,-1,-1,-1,1,-1,-1,-1,-1,-1,1,-1,-1,-1,-1,-1,-1,4,2,-1,-1,38.66868736,44.13776778,5,1
20,1.338797814,9,7.161202186,-1,-1,-1,-1,-1,-1,-1,1,-1,-1,-1,-1,-1,1,-1,-1,-1,-1,-1,-1,1,0,-1,-1,38.66868736,44.13776778,5,0
20,1.296448087,266,7.203551913,-1,-1,-1,-1,-1,-1,-1,1,-1,-1,-1,-1,-1,1,-1,-1,-1,-1,-1,-1,4,2,-1,-1,38.66868736,44.13776778,5,1
25,1.760928962,14,6.73085186,-1,-1,-1,-1,-1,-1,-1,1,-1,-1,-1,-1,-1,1,-1,-1,-1,-1,-1,-1,1,0,-1,-1,38.66868736,44.13776778,5,1
20,1.607923497,9,6.892076503,-1,-1,-1,-1,-1,-1,-1,1,-1,-1,-1,-1,-1,1,-1,-1,-1,-1,-1,-1,1,2,-1,-1,38.66868736,44.13776778,5,0
13,2.18579235,11,6.308728198,-1,-1,-1,-1,-1,-1,-1,1,-1,-1,-1,-1,-1,1,-1,-1,-1,-1,-1,-1,1,0,-1,-1,38.66868736,44.13776778,5,0
8,2.280054645,2,6.219945355,-1,-1,-1,-1,-1,-1,-1,1,-1,-1,-1,-1,-1,1,-1,-1,-1,-1,-1,-1,1,0,-1,-1,38.66868736,44.13776778,5,0
17,1.785519126,3,6.714480874,-1,-1,-1,-1,-1,-1,-1,1,-1,-1,-1,-1,-1,1,-1,-1,-1,-1,-1,-1,1,0,-1,-1,38.66868736,44.13776778,5,1
26,2.023224044,17,6.317871847,-1,-1,-1,-1,-1,-1,-1,1,-1,-1,-1,-1,-1,-1,1,-1,-1,-1,-1,-1,1,4,-1,-1,-2.87319434,27.22663481,5,1
20,2.086065574,10,6.315304289,-1,-1,-1,-1,-1,-1,-1,1,-1,-1,-1,-1,-1,-1,1,-1,-1,-1,-1,-1,1,5,1,-1,-2.87319434,27.22663481,5,1
30,2.760928962,51,5.739071038,-1,-1,-1,-1,-1,-1,-1,1,-1,-1,-1,-1,-1,-1,1,-1,-1,-1,-1,-1,1,0,-1,-1,-2.87319434,27.22663481,5,0
19,1.147540984,22,7.352459016,-1,-1,-1,-1,-1,-1,-1,1,-1,-1,-1,-1,-1,-1,1,-1,-1,-1,-1,-1,1,2,-1,-1,-2.87319434,27.22663481,5,1
20,2.546448087,1,5.85218205,-1,-1,-1,-1,-1,-1,-1,1,-1,-1,-1,-1,-1,-1,1,-1,-1,-1,-1,-1,1,2,-1,-1,-2.87319434,27.22663481,5,1
17,0.838797814,9,7.661202186,-1,-1,-1,-1,-1,-1,-1,1,-1,-1,-1,-1,-1,-1,1,-1,-1,-1,-1,-1,1,0,-1,-1,-2.87319434,27.22663481,5,1
25,2.383879781,12,6.116120219,-1,-1,-1,-1,-1,-1,-1,1,-1,-1,-1,-1,-1,-1,-1,1,-1,-1,-1,-1,1,1,-1,-1,-2.87319434,27.22663481,5,1
20,1.195355191,12,7.304644809,-1,-1,-1,-1,-1,-1,-1,1,-1,-1,-1,-1,-1,-1,-1,1,-1,-1,-1,-1,1,3,-1,1,-2.87319434,27.22663481,5,0
10,2.405737705,60,6.025769144,-1,-1,-1,-1,-1,-1,-1,1,-1,-1,-1,-1,-1,-1,-1,1,-1,-1,-1,-1,1,3,-1,1,-2.87319434,27.22663481,5,0
8,1.683060109,4,6.795022082,-1,-1,-1,-1,-1,-1,-1,1,-1,-1,-1,-1,-1,-1,-1,1,-1,-1,-1,-1,1,1,-1,-1,-2.87319434,27.22663481,5,0
22,3.174863388,33,4.563492776,-1,-1,-1,-1,-1,-1,-1,1,-1,-1,-1,-1,-1,-1,-1,1,-1,-1,-1,-1,1,3,1,-1,-2.87319434,27.22663481,5,1
22,1.241803279,24,4.613387978,-1,-1,-1,-1,-1,-1,-1,1,-1,-1,-1,-1,-1,-1,-1,1,-1,-1,-1,-1,4,1,-1,-1,-2.87319434,27.22663481,5,0
25,0.903005464,37,7.596994536,-1,-1,-1,-1,-1,-1,-1,1,-1,-1,-1,-1,-1,-1,-1,1,-1,-1,-1,-1,1,0,-1,-1,-2.87319434,27.22663481,5,1
20,1.263661202,1,7.236338798,-1,-1,-1,-1,-1,-1,-1,1,-1,-1,-1,-1,-1,-1,-1,1,-1,-1,-1,-1,1,0,-1,-1,-2.87319434,27.22663481,5,0
28,1.879781421,11,6.620218579,-1,1,-1,-1,-1,-1,-1,-1,-1,-1,-1,-1,-1,-1,-1,1,-1,-1,-1,-1,1,0,-1,-1,-2.87319434,27.22663481,5,0
15,2.465846995,51,6.034153005,-1,-1,-1,-1,-1,-1,-1,1,-1,-1,-1,-1,-1,-1,-1,1,-1,-1,-1,-1,1,4,-1,1,-2.87319434,27.22663481,5,1
11,2.366120219,2,5.679085261,-1,-1,-1,-1,-1,-1,-1,1,-1,-1,-1,-1,-1,-1,-1,-1,1,-1,-1,-1,1,0,-1,-1,-2.87319434,27.22663481,5,1
20,1.571038251,25,6.928961749,-1,-1,-1,-1,-1,-1,-1,1,-1,-1,-1,-1,-1,-1,-1,-1,1,-1,-1,-1,1,0,-1,-1,-2.87319434,27.22663481,5,1
25,2.12431694,14,6.37568306,-1,-1,-1,-1,-1,-1,-1,1,-1,-1,-1,-1,-1,-1,-1,-1,1,-1,-1,-1,1,2,-1,-1,-2.87319434,27.22663481,5,1
4,3.849726776,36,3.535204731,-1,-1,-1,-1,-1,-1,-1,1,-1,-1,-1,-1,-1,-1,-1,-1,1,-1,-1,-1,1,3,1,-1,-2.87319434,27.22663481,5,1
28,2.333333333,37,6.026940639,-1,-1,-1,-1,-1,1,-1,-1,-1,-1,-1,-1,-1,-1,-1,-1,1,-1,-1,-1,1,0,-1,-1,-2.87319434,27.22663481,5,1
21,1.349726776,16,7.150273224,-1,-1,-1,-1,-1,-1,1,-1,-1,-1,-1,-1,-1,-1,-1,-1,1,-1,-1,-1,1,1,-1,-1,-2.87319434,27.22663481,5,1
27,2.392076503,4,6.107923497,-1,-1,-1,-1,-1,-1,-1,1,-1,-1,-1,-1,-1,-1,-1,-1,1,-1,-1,-1,1,6,-1,-1,-2.87319434,27.22663481,5,1
10,0.911202186,19,7.588797814,-1,-1,-1,-1,-1,-1,-1,1,-1,-1,-1,-1,-1,-1,-1,-1,1,-1,-1,-1,1,0,-1,-1,-2.87319434,27.22663481,5,0
23,1.741803279,14,6.758196721,-1,-1,-1,-1,-1,-1,-1,1,-1,-1,-1,-1,-1,-1,-1,-1,1,-1,-1,-1,1,0,-1,-1,-2.87319434,27.22663481,5,1
16,1.366120219,8,7.133879781,-1,-1,-1,-1,-1,-1,-1,1,-1,-1,-1,-1,-1,-1,-1,-1,1,-1,-1,-1,1,3,-1,1,-2.87319434,27.22663481,5,0
20,2.146174863,13,6.353825137,-1,-1,-1,-1,-1,-1,-1,1,-1,-1,-1,-1,-1,-1,-1,-1,1,-1,-1,-1,1,2,-1,-1,-2.87319434,27.22663481,5,0
13,1.799180328,14,6.700819672,-1,-1,-1,-1,-1,-1,-1,1,-1,-1,-1,-1,-1,-1,-1,-1,1,-1,-1,-1,1,0,-1,-1,-2.87319434,27.22663481,5,1
20,1.158469945,10,7.341530055,-1,-1,-1,-1,-1,-1,-1,1,-1,-1,-1,-1,-1,-1,-1,-1,1,-1,-1,-1,1,3,-1,-1,-2.87319434,27.22663481,5,1
20,1.463114754,15,7.036885246,-1,-1,-1,-1,-1,-1,-1,1,-1,-1,-1,-1,-1,-1,-1,-1,1,-1,-1,-1,1,4,1,-1,-2.87319434,27.22663481,5,0
27,2.316939891,48,6.183060109,-1,-1,-1,-1,-1,-1,-1,1,-1,-1,-1,-1,-1,-1,-1,-1,-1,1,-1,-1,1,0,-1,-1,-2.87319434,27.22663481,5,1
14,3.806010929,12,3.003578112,-1,-1,-1,-1,-1,-1,-1,1,-1,-1,-1,-1,-1,-1,-1,-1,-1,1,-1,-1,2,0,-1,-1,-2.87319434,27.22663481,5,0
14,2.053278689,1,6.446721311,-1,-1,-1,-1,-1,-1,-1,1,-1,-1,-1,-1,-1,-1,-1,-1,-1,1,-1,-1,1,0,-1,-1,-2.87319434,27.22663481,5,0
20,1.87431694,21,6.055820046,-1,-1,-1,-1,-1,-1,-1,1,-1,-1,-1,-1,-1,-1,-1,-1,-1,1,-1,-1,1,0,-1,-1,-2.87319434,27.22663481,5,1
5,2.780054645,12,5.719945355,-1,-1,-1,-1,-1,-1,-1,1,-1,-1,-1,-1,-1,-1,-1,-1,-1,1,-1,-1,1,3,-1,-1,-2.87319434,27.22663481,5,1
28,2.040983607,1,5.949427352,-1,-1,-1,-1,-1,-1,-1,1,-1,-1,-1,-1,-1,-1,-1,-1,-1,1,-1,-1,1,0,-1,-1,-2.87319434,27.22663481,5,0
13,1.898907104,32,6.601092896,-1,-1,-1,-1,-1,-1,-1,1,-1,-1,-1,-1,-1,-1,-1,-1,-1,1,-1,-1,1,2,-1,-1,-2.87319434,27.22663481,5,1
21,2.086065574,95,6.413934426,-1,-1,-1,-1,-1,-1,-1,1,-1,-1,-1,-1,-1,-1,-1,-1,-1,1,-1,-1,2,2,1,-1,-2.87319434,27.22663481,5,1
26,0.994535519,20,7.505464481,-1,-1,-1,-1,-1,-1,-1,1,-1,-1,-1,-1,-1,-1,-1,-1,-1,-1,1,-1,1,3,-1,-1,-2.87319434,27.22663481,5,0
20,1.176229508,18,7.323770492,-1,-1,-1,-1,-1,-1,-1,1,-1,-1,-1,-1,-1,-1,-1,-1,-1,-1,1,-1,1,7,-1,-1,-2.87319434,27.22663481,5,1
11,0.741803279,29,5.572404372,-1,-1,-1,-1,-1,-1,-1,1,-1,-1,-1,-1,-1,-1,-1,-1,-1,-1,1,-1,3,10,1,-1,-2.87319434,27.22663481,5,1
21,1.677595628,266,6.575829029,-1,-1,-1,-1,-1,-1,-1,1,-1,-1,-1,-1,-1,-1,-1,-1,-1,-1,1,-1,4,2,-1,-1,-2.87319434,27.22663481,5,1
9,2.166666667,26,4.730874317,-1,-1,-1,-1,-1,-1,-1,1,-1,-1,-1,-1,-1,-1,-1,-1,-1,-1,1,-1,2,4,-1,1,-2.87319434,27.22663481,5,0
20,1.296448087,17,7.203551913,-1,-1,-1,-1,-1,-1,-1,1,-1,-1,-1,-1,-1,-1,-1,-1,-1,-1,1,-1,1,0,-1,-1,-2.87319434,27.22663481,5,1
19,2.00273224,15,6.363021184,-1,-1,-1,-1,-1,-1,-1,1,-1,-1,-1,-1,-1,-1,-1,-1,-1,-1,1,-1,1,1,-1,-1,-2.87319434,27.22663481,5,0
12,2.801912568,10,5.163840856,-1,-1,-1,-1,-1,-1,-1,1,-1,-1,-1,-1,-1,-1,-1,-1,-1,-1,1,-1,1,1,-1,-1,-2.87319434,27.22663481,5,0
3,4.823770492,33,3.676229508,-1,-1,-1,-1,-1,-1,-1,1,-1,-1,-1,-1,-1,-1,-1,-1,-1,-1,1,-1,1,2,-1,-1,-2.87319434,27.22663481,5,1
13,2.949453552,30,5.550546448,-1,-1,-1,-1,-1,-1,-1,1,-1,-1,-1,-1,-1,-1,-1,-1,-1,-1,1,-1,1,3,-1,1,-2.87319434,27.22663481,5,0
14,3.046448087,17,5.453551913,-1,-1,-1,-1,-1,-1,-1,1,-1,-1,-1,-1,-1,-1,-1,-1,-1,-1,1,-1,1,3,-1,-1,-2.87319434,27.22663481,5,0
14,3.024590164,28,5.127464631,-1,-1,-1,-1,-1,-1,-1,1,-1,-1,-1,-1,-1,-1,-1,-1,-1,-1,1,-1,2,7,1,-1,-2.87319434,27.22663481,5,1
28,2.658469945,9,5.841530055,-1,-1,-1,-1,-1,-1,-1,1,-1,-1,-1,-1,-1,-1,-1,-1,-1,-1,-1,1,1,0,-1,-1,-2.87319434,27.22663481,5,0
20,1.069672131,15,7.430327869,-1,-1,-1,-1,-1,-1,-1,1,-1,-1,-1,-1,-1,-1,-1,-1,-1,-1,-1,1,1,0,-1,-1,-2.87319434,27.22663481,5,0
26,2.021857923,24,6.204169474,-1,-1,-1,-1,-1,-1,-1,1,-1,-1,-1,-1,-1,-1,-1,-1,-1,-1,-1,1,1,2,-1,-1,-2.87319434,27.22663481,5,0
24,3.443989071,16,5.056010929,-1,-1,-1,-1,-1,-1,-1,1,-1,-1,-1,-1,-1,-1,-1,-1,-1,-1,-1,1,1,1,-1,-1,-2.87319434,27.22663481,5,0
10,1.793715847,68,2.991803279,-1,-1,-1,-1,-1,-1,-1,1,-1,-1,-1,-1,-1,-1,-1,-1,-1,-1,-1,1,4,3,-1,1,-2.87319434,27.22663481,5,0
17,2.316939891,8,6.183060109,-1,-1,-1,-1,-1,-1,-1,1,1,-1,-1,-1,-1,-1,-1,-1,-1,-1,-1,-1,1,0,-1,-1,-2.87319434,27.22663481,6,1
10,2.786885246,7,4.54325174,-1,1,-1,-1,-1,-1,-1,-1,1,-1,-1,-1,-1,-1,-1,-1,-1,-1,-1,-1,1,0,-1,-1,-2.87319434,27.22663481,6,1
9,1.378415301,11,7.121584699,-1,-1,-1,-1,-1,-1,-1,1,1,-1,-1,-1,-1,-1,-1,-1,-1,-1,-1,-1,1,5,1,-1,-2.87319434,27.22663481,6,0
15,2.733606557,32,5.766393443,-1,-1,-1,-1,-1,1,-1,-1,1,-1,-1,-1,-1,-1,-1,-1,-1,-1,-1,-1,1,2,-1,-1,-2.87319434,27.22663481,6,0
22,3.255464481,5,5.019877985,-1,-1,-1,-1,-1,-1,1,-1,1,-1,-1,-1,-1,-1,-1,-1,-1,-1,-1,-1,1,5,-1,-1,-2.87319434,27.22663481,6,1
56,2.775956284,24,4.70760536,-1,-1,-1,-1,-1,-1,-1,1,-1,1,-1,-1,-1,-1,-1,-1,-1,-1,-1,-1,1,4,-1,-1,-2.87319434,27.22663481,6,1
6,2.833333333,19,5.666666667,-1,-1,-1,-1,-1,-1,-1,1,-1,1,-1,-1,-1,-1,-1,-1,-1,-1,-1,-1,2,0,-1,-1,-2.87319434,27.22663481,6,0
43,1.519125683,12,6.980874317,-1,-1,-1,-1,-1,-1,-1,1,-1,1,-1,-1,-1,-1,-1,-1,-1,-1,-1,-1,2,3,-1,-1,-2.87319434,27.22663481,6,1
13,3.174863388,30,4.952533872,-1,-1,-1,-1,-1,-1,-1,1,-1,1,-1,-1,-1,-1,-1,-1,-1,-1,-1,-1,1,2,-1,-1,-2.87319434,27.22663481,6,1
15,2.325136612,18,6.174863388,-1,-1,-1,-1,-1,-1,-1,1,-1,1,-1,-1,-1,-1,-1,-1,-1,-1,-1,-1,1,4,1,-1,-2.87319434,27.22663481,6,1
31,2.153005464,65,6.346994536,-1,-1,-1,-1,-1,-1,-1,1,-1,1,-1,-1,-1,-1,-1,-1,-1,-1,-1,-1,2,1,-1,-1,-2.87319434,27.22663481,6,1
21,2.577868852,9,5.922131148,-1,-1,-1,-1,-1,-1,-1,1,-1,1,-1,-1,-1,-1,-1,-1,-1,-1,-1,-1,1,1,-1,-1,-2.87319434,27.22663481,6,1
20,1.260928962,3,7.239071038,-1,-1,-1,-1,-1,-1,-1,1,-1,1,-1,-1,-1,-1,-1,-1,-1,-1,-1,-1,1,0,-1,-1,-2.87319434,27.22663481,6,1
21,5.256830601,21,3.243169399,-1,-1,-1,-1,-1,-1,-1,1,-1,-1,1,-1,-1,-1,-1,-1,-1,-1,-1,-1,1,0,-1,-1,-2.87319434,27.22663481,6,1
15,3.236338798,12,5.263661202,-1,-1,-1,-1,-1,-1,-1,1,-1,-1,1,-1,-1,-1,-1,-1,-1,-1,-1,-1,1,3,1,-1,-2.87319434,27.22663481,6,1
22,1.076502732,17,7.423497268,-1,-1,-1,-1,-1,-1,1,-1,-1,-1,1,-1,-1,-1,-1,-1,-1,-1,-1,-1,1,1,-1,-1,-2.87319434,27.22663481,6,1
45,2.661202186,7,5.351126581,-1,-1,-1,-1,-1,-1,-1,1,-1,-1,1,-1,-1,-1,-1,-1,-1,-1,-1,-1,1,5,-1,-1,-2.87319434,27.22663481,6,1
23,1.793715847,7,6.706284153,-1,-1,-1,-1,-1,-1,-1,1,-1,-1,1,-1,-1,-1,-1,-1,-1,-1,-1,-1,1,0,-1,-1,-2.87319434,27.22663481,6,1
21,1.441256831,61,7.058743169,-1,-1,-1,-1,-1,-1,-1,1,-1,-1,1,-1,-1,-1,-1,-1,-1,-1,-1,-1,1,4,-1,1,-2.87319434,27.22663481,6,0
10,1.166666667,29,5.147540984,-1,-1,-1,-1,-1,-1,-1,1,-1,-1,-1,1,-1,-1,-1,-1,-1,-1,-1,-1,3,10,1,-1,-2.87319434,27.22663481,6,0
26,1.924863388,44,6.575136612,-1,-1,-1,-1,-1,-1,-1,1,-1,-1,-1,1,-1,-1,-1,-1,-1,-1,-1,-1,1,0,-1,-1,-2.87319434,27.22663481,6,0
20,2.717213115,18,5.782786885,-1,-1,-1,-1,-1,-1,-1,1,-1,-1,-1,1,-1,-1,-1,-1,-1,-1,-1,-1,1,4,1,-1,-2.87319434,27.22663481,6,0
19,1.741803279,7,6.758196721,-1,-1,-1,-1,-1,-1,-1,1,-1,-1,-1,1,-1,-1,-1,-1,-1,-1,-1,-1,1,0,-1,-1,-2.87319434,27.22663481,6,0
18,2.491803279,37,6.008196721,-1,-1,-1,-1,-1,-1,-1,1,-1,-1,-1,1,-1,-1,-1,-1,-1,-1,-1,-1,1,0,-1,-1,-2.87319434,27.22663481,6,1
20,1.849726776,10,6.642054046,-1,-1,-1,-1,-1,-1,-1,1,-1,-1,-1,1,-1,-1,-1,-1,-1,-1,-1,-1,2,1,-1,-1,-2.87319434,27.22663481,6,0
28,1.857923497,5,6.642076503,-1,-1,-1,-1,-1,-1,-1,1,-1,-1,-1,1,-1,-1,-1,-1,-1,-1,-1,-1,1,0,-1,-1,-2.87319434,27.22663481,6,0
23,2.080601093,5,6.326248222,-1,-1,-1,-1,-1,-1,-1,1,-1,-1,-1,1,-1,-1,-1,-1,-1,-1,-1,-1,1,0,-1,-1,-2.87319434,27.22663481,6,1
13,3.218579235,14,5.281420765,-1,-1,-1,-1,-1,-1,-1,1,-1,-1,-1,1,-1,-1,-1,-1,-1,-1,-1,-1,1,4,1,-1,-2.87319434,27.22663481,6,1
18,2.719945355,36,5.52799985,-1,-1,-1,-1,-1,-1,-1,1,-1,-1,-1,-1,1,-1,-1,-1,-1,-1,-1,-1,1,2,-1,-1,-2.87319434,27.22663481,6,1
16,2.666666667,4,5.474429224,-1,-1,-1,-1,-1,-1,1,-1,-1,-1,-1,-1,1,-1,-1,-1,-1,-1,-1,-1,1,2,-1,-1,-2.87319434,27.22663481,6,0
12,3.255464481,18,4.430836889,-1,-1,-1,-1,-1,-1,-1,1,-1,-1,-1,-1,1,-1,-1,-1,-1,-1,-1,-1,2,3,-1,1,-2.87319434,27.22663481,6,0
21,2.400273224,10,6.099726776,-1,-1,-1,-1,-1,-1,1,-1,-1,-1,-1,-1,1,-1,-1,-1,-1,-1,-1,-1,1,0,-1,-1,-2.87319434,27.22663481,6,1
20,1.927595628,29,6.514870125,-1,-1,-1,-1,-1,-1,-1,1,-1,-1,-1,-1,1,-1,-1,-1,-1,-1,-1,-1,1,4,-1,-1,-2.87319434,27.22663481,6,0
35,2.047814208,12,6.452185792,-1,-1,-1,-1,-1,-1,-1,1,-1,-1,-1,-1,1,-1,-1,-1,-1,-1,-1,-1,1,6,-1,-1,-2.87319434,27.22663481,6,1
20,2.56420765,23,5.705655363,-1,-1,-1,-1,-1,-1,-1,1,-1,-1,-1,-1,1,-1,-1,-1,-1,-1,-1,-1,1,0,-1,-1,-2.87319434,27.22663481,6,0
18,2.193989071,5,6.306010929,-1,-1,-1,-1,-1,-1,-1,1,-1,-1,-1,-1,1,-1,-1,-1,-1,-1,-1,-1,1,0,-1,-1,-2.87319434,27.22663481,6,0
18,1.538251366,14,6.961748634,-1,-1,-1,-1,-1,-1,-1,1,-1,-1,-1,-1,1,-1,-1,-1,-1,-1,-1,-1,1,0,-1,-1,-2.87319434,27.22663481,6,0
16,3.174863388,4,4.785410585,-1,-1,-1,-1,-1,-1,1,-1,-1,-1,-1,-1,-1,1,-1,-1,-1,-1,-1,-1,1,0,-1,-1,-2.87319434,27.22663481,6,1
11,2.030054645,11,6.026109739,-1,-1,-1,-1,-1,-1,1,-1,-1,-1,-1,-1,-1,1,-1,-1,-1,-1,-1,-1,1,0,-1,-1,-2.87319434,27.22663481,6,0
42,4.034153005,8,3.811052474,-1,-1,-1,-1,-1,-1,-1,1,-1,-1,-1,-1,-1,1,-1,-1,-1,-1,-1,-1,1,1,-1,-1,-2.87319434,27.22663481,6,1
20,2.319672131,11,6.122793622,-1,-1,-1,-1,-1,-1,-1,1,-1,-1,-1,-1,-1,1,-1,-1,-1,-1,-1,-1,1,6,-1,-1,-2.87319434,27.22663481,6,1
19,2.741803279,25,5.758196721,-1,-1,-1,-1,-1,-1,-1,1,-1,-1,-1,-1,-1,1,-1,-1,-1,-1,-1,-1,1,2,-1,-1,-2.87319434,27.22663481,6,1
20,2.658469945,8,5.841530055,-1,-1,-1,-1,-1,-1,-1,1,-1,-1,-1,-1,-1,1,-1,-1,-1,-1,-1,-1,1,0,-1,-1,-2.87319434,27.22663481,6,1
46,3.989071038,36,4.510928962,-1,-1,-1,-1,-1,-1,1,-1,-1,-1,-1,-1,-1,-1,1,-1,-1,-1,-1,-1,1,0,-1,-1,48.6452683,15.18330444,6,0
15,0.862021858,95,5.721311475,-1,-1,-1,-1,-1,-1,-1,1,-1,-1,-1,-1,-1,-1,1,-1,-1,-1,-1,-1,2,2,1,-1,48.6452683,15.18330444,6,1
11,1.972677596,22,6.527322404,-1,-1,-1,-1,-1,-1,-1,1,-1,-1,-1,-1,-1,-1,1,-1,-1,-1,-1,-1,1,0,-1,-1,48.6452683,15.18330444,6,1
3,2.525956284,200,2.796448087,-1,-1,-1,-1,-1,-1,-1,1,-1,-1,-1,-1,-1,-1,1,-1,-1,-1,-1,-1,4,2,-1,1,48.6452683,15.18330444,6,1
23,1.797814208,0,6.702185792,-1,-1,-1,-1,-1,-1,-1,1,-1,-1,-1,-1,-1,-1,1,-1,-1,-1,-1,-1,1,2,-1,-1,48.6452683,15.18330444,6,1
20,1.31420765,26,7.18579235,-1,-1,-1,-1,-1,-1,-1,1,-1,-1,-1,-1,-1,-1,1,-1,-1,-1,-1,-1,1,0,-1,-1,48.6452683,15.18330444,6,1
24,1.575136612,35,5.18852459,-1,-1,-1,-1,-1,-1,-1,1,-1,-1,-1,-1,-1,-1,1,-1,-1,-1,-1,-1,2,0,-1,-1,48.6452683,15.18330444,6,0
29,3.318306011,10,4.981693989,-1,-1,-1,-1,-1,-1,-1,1,-1,-1,-1,-1,-1,-1,1,-1,-1,-1,-1,-1,1,1,-1,-1,48.6452683,15.18330444,6,1
17,2.818306011,3,5.358406318,-1,-1,-1,-1,-1,-1,-1,1,-1,-1,-1,-1,-1,-1,1,-1,-1,-1,-1,-1,1,2,-1,-1,48.6452683,15.18330444,6,0
5,1.691256831,17,3.956284153,-1,-1,-1,-1,-1,-1,-1,1,-1,-1,-1,-1,-1,-1,1,-1,-1,-1,-1,-1,2,2,-1,-1,48.6452683,15.18330444,6,0
23,2.028688525,4,6.471311475,-1,-1,-1,-1,-1,-1,-1,1,-1,-1,-1,-1,-1,-1,-1,1,-1,-1,-1,-1,1,1,-1,-1,48.6452683,15.18330444,6,0
19,2.047814208,4,6.452185792,-1,-1,-1,-1,-1,-1,-1,1,-1,-1,-1,-1,-1,-1,-1,1,-1,-1,-1,-1,1,2,-1,-1,48.6452683,15.18330444,6,1
32,1.763661202,15,6.736338798,-1,-1,-1,-1,-1,-1,-1,1,-1,-1,-1,-1,-1,-1,-1,1,-1,-1,-1,-1,1,2,-1,-1,48.6452683,15.18330444,6,1
14,3.545081967,7,4.954918033,-1,-1,-1,-1,-1,-1,-1,1,-1,-1,-1,-1,-1,-1,-1,1,-1,-1,-1,-1,1,4,-1,-1,48.6452683,15.18330444,6,0
12,2.147540984,19,6.352459016,-1,-1,-1,-1,-1,-1,-1,1,-1,-1,-1,-1,-1,-1,-1,1,-1,-1,-1,-1,1,2,-1,-1,48.6452683,15.18330444,6,1
20,1.427595628,57,7.072404372,-1,-1,-1,-1,-1,-1,-1,1,-1,-1,-1,-1,-1,-1,-1,1,-1,-1,-1,-1,1,0,-1,-1,48.6452683,15.18330444,6,1
20,1.530054645,3,6.969945355,-1,-1,-1,-1,-1,-1,-1,1,-1,-1,-1,-1,-1,-1,-1,1,-1,-1,-1,-1,1,0,-1,-1,48.6452683,15.18330444,6,0
14,1.954918033,8,4.653005464,-1,1,-1,-1,-1,-1,-1,-1,-1,-1,-1,-1,-1,-1,-1,1,-1,-1,-1,-1,2,2,-1,-1,48.6452683,15.18330444,6,1
47,4.207650273,1,3.590979864,-1,-1,-1,-1,-1,-1,-1,1,-1,-1,-1,-1,-1,-1,-1,1,-1,-1,-1,-1,1,0,-1,-1,48.6452683,15.18330444,6,0
22,2.204918033,35,5.626588817,-1,-1,-1,-1,-1,-1,-1,1,-1,-1,-1,-1,-1,-1,-1,1,-1,-1,-1,-1,1,3,-1,1,48.6452683,15.18330444,6,0
73,1.56420765,43,6.93579235,-1,-1,-1,-1,-1,-1,-1,1,-1,-1,-1,-1,-1,-1,-1,-1,1,-1,-1,-1,1,1,-1,-1,48.6452683,15.18330444,6,1
18,2.389344262,8,6.110655738,-1,-1,-1,-1,-1,-1,-1,1,-1,-1,-1,-1,-1,-1,-1,-1,1,-1,-1,-1,1,2,-1,-1,48.6452683,15.18330444,6,0
19,1.394808743,19,7.105191257,-1,-1,-1,-1,-1,-1,-1,1,-1,-1,-1,-1,-1,-1,-1,-1,1,-1,-1,-1,1,2,-1,-1,48.6452683,15.18330444,6,1
4,1.583333333,14,4.402167078,-1,-1,-1,-1,-1,-1,-1,1,-1,-1,-1,-1,-1,-1,-1,-1,1,-1,-1,-1,2,4,1,-1,48.6452683,15.18330444,6,0
6,1.916666667,12,6.583333333,-1,-1,-1,-1,-1,-1,-1,1,-1,-1,-1,-1,-1,-1,-1,-1,1,-1,-1,-1,1,0,-1,-1,48.6452683,15.18330444,6,0
10,2.639344262,9,5.575724231,-1,-1,-1,-1,-1,-1,-1,1,-1,-1,-1,-1,-1,-1,-1,-1,1,-1,-1,-1,1,2,-1,-1,48.6452683,15.18330444,6,0
20,1.390710383,3,7.109289617,-1,-1,-1,-1,-1,-1,-1,1,-1,-1,-1,-1,-1,-1,-1,-1,1,-1,-1,-1,1,0,-1,-1,48.6452683,15.18330444,6,0
9,2.193989071,27,6.136147915,-1,-1,-1,-1,-1,-1,1,-1,-1,-1,-1,-1,-1,-1,-1,-1,-1,1,-1,-1,1,1,1,-1,48.6452683,15.18330444,6,1
14,4.289617486,50,3.572026349,-1,-1,-1,-1,-1,-1,1,-1,-1,-1,-1,-1,-1,-1,-1,-1,-1,-1,1,-1,3,1,-1,-1,48.6452683,15.18330444,6,1
19,1.661202186,7,6.838797814,-1,-1,-1,-1,-1,-1,-1,1,-1,-1,-1,-1,-1,-1,-1,-1,-1,-1,1,-1,1,2,-1,-1,48.6452683,15.18330444,6,0
23,1.755464481,3,6.744535519,-1,-1,-1,-1,-1,-1,-1,1,-1,-1,-1,-1,-1,-1,-1,-1,-1,-1,1,-1,1,2,-1,-1,48.6452683,15.18330444,6,1
18,4.633879781,31,3.764750356,-1,-1,-1,-1,-1,-1,-1,1,-1,-1,-1,-1,-1,-1,-1,-1,-1,-1,1,-1,1,0,-1,-1,48.6452683,15.18330444,6,1
17,2.5,13,5.920547945,-1,-1,-1,-1,-1,-1,-1,1,-1,-1,-1,-1,-1,-1,-1,-1,-1,-1,1,-1,1,0,-1,-1,48.6452683,15.18330444,6,0
9,2.103825137,1,6.396174863,-1,-1,-1,-1,-1,-1,-1,1,-1,-1,-1,-1,-1,-1,-1,-1,-1,-1,-1,1,1,1,-1,-1,48.6452683,15.18330444,6,1
23,1.763661202,45,6.736338798,-1,-1,-1,-1,-1,-1,-1,1,-1,-1,-1,-1,-1,-1,-1,-1,-1,-1,-1,1,1,2,-1,-1,48.6452683,15.18330444,6,0
15,2.467213115,6,5.961554009,-1,-1,-1,-1,-1,-1,-1,1,-1,-1,-1,-1,-1,-1,-1,-1,-1,-1,-1,1,1,0,-1,-1,48.6452683,15.18330444,6,0
18,2.621584699,17,5.300333109,-1,-1,-1,-1,-1,-1,-1,1,-1,-1,-1,-1,-1,-1,-1,-1,-1,-1,-1,1,1,0,-1,-1,48.6452683,15.18330444,6,0
3,2.911202186,0,5.588797814,-1,-1,-1,-1,-1,-1,-1,1,-1,-1,-1,-1,-1,-1,-1,-1,-1,-1,-1,1,1,0,-1,-1,48.6452683,15.18330444,6,0
15,1.640710383,7,6.859289617,-1,-1,-1,-1,-1,-1,-1,1,-1,-1,-1,-1,-1,-1,-1,-1,-1,-1,-1,1,1,2,-1,-1,48.6452683,15.18330444,6,0
19,1.833333333,14,6.666666667,-1,-1,-1,-1,-1,-1,-1,1,-1,-1,-1,-1,-1,-1,-1,-1,-1,-1,-1,1,1,0,-1,-1,48.6452683,15.18330444,6,0
20,1.81557377,84,6.667987873,-1,-1,-1,-1,-1,-1,-1,1,-1,-1,-1,-1,-1,-1,-1,-1,-1,-1,-1,1,1,1,-1,-1,48.6452683,15.18330444,6,1
19,3.066939891,22,4.723471068,-1,-1,-1,-1,-1,-1,1,-1,1,-1,-1,-1,-1,-1,-1,-1,-1,-1,-1,-1,1,1,-1,-1,48.6452683,15.18330444,7,0
10,2.516393443,14,2.946721311,-1,-1,-1,-1,-1,-1,-1,1,1,-1,-1,-1,-1,-1,-1,-1,-1,-1,-1,-1,2,3,-1,1,48.6452683,15.18330444,7,0
15,1.893442623,9,6.606557377,-1,-1,-1,-1,-1,-1,-1,1,1,-1,-1,-1,-1,-1,-1,-1,-1,-1,-1,-1,2,6,-1,-1,48.6452683,15.18330444,7,0
18,2.602459016,33,5.897540984,-1,-1,-1,-1,-1,-1,-1,1,1,-1,-1,-1,-1,-1,-1,-1,-1,-1,-1,-1,1,2,1,-1,48.6452683,15.18330444,7,1
17,5.207650273,15,1.812897672,-1,-1,-1,-1,-1,-1,-1,1,1,-1,-1,-1,-1,-1,-1,-1,-1,-1,-1,-1,1,0,-1,-1,48.6452683,15.18330444,7,0
12,1.360655738,12,3.392076503,-1,-1,-1,-1,-1,-1,-1,1,-1,1,-1,-1,-1,-1,-1,-1,-1,-1,-1,-1,2,0,-1,-1,48.6452683,15.18330444,7,0
18,1.733606557,5,6.766393443,-1,-1,-1,-1,-1,-1,-1,1,-1,1,-1,-1,-1,-1,-1,-1,-1,-1,-1,-1,1,0,-1,-1,48.6452683,15.18330444,7,0
34,1.547814208,12,5.964480874,-1,-1,-1,-1,-1,-1,-1,1,-1,1,-1,-1,-1,-1,-1,-1,-1,-1,-1,-1,2,3,-1,-1,48.6452683,15.18330444,7,1
10,1.883879781,18,6.616120219,-1,-1,-1,-1,-1,-1,-1,1,-1,1,-1,-1,-1,-1,-1,-1,-1,-1,-1,-1,1,3,-1,-1,48.6452683,15.18330444,7,1
41,1.655737705,7,6.844262295,-1,-1,-1,-1,-1,-1,1,-1,-1,1,-1,-1,-1,-1,-1,-1,-1,-1,-1,-1,1,5,-1,-1,48.6452683,15.18330444,7,0
20,1.819672131,9,6.680327869,-1,-1,-1,-1,-1,-1,-1,1,-1,1,-1,-1,-1,-1,-1,-1,-1,-1,-1,-1,1,0,-1,-1,48.6452683,15.18330444,7,0
18,2.960382514,266,4.758795569,-1,-1,-1,-1,-1,-1,-1,1,-1,1,-1,-1,-1,-1,-1,-1,-1,-1,-1,-1,4,2,-1,-1,48.6452683,15.18330444,7,1
12,3.900273224,8,2.906576091,-1,-1,-1,-1,-1,-1,-1,1,-1,1,-1,-1,-1,-1,-1,-1,-1,-1,-1,-1,1,0,-1,-1,48.6452683,15.18330444,7,0
20,3.729508197,58,4.293779475,-1,-1,-1,-1,-1,-1,-1,1,-1,1,-1,-1,-1,-1,-1,-1,-1,-1,-1,-1,2,1,-1,1,48.6452683,15.18330444,7,0
24,1.75,11,6.75,-1,-1,-1,-1,-1,-1,-1,1,-1,1,-1,-1,-1,-1,-1,-1,-1,-1,-1,-1,1,1,-1,-1,48.6452683,15.18330444,7,1
59,3.102459016,2,5.156445093,-1,-1,1,-1,-1,-1,-1,-1,-1,1,-1,-1,-1,-1,-1,-1,-1,-1,-1,-1,1,3,-1,-1,48.6452683,15.18330444,7,1
22,1.81420765,28,6.68579235,-1,-1,-1,-1,-1,-1,-1,1,-1,-1,1,-1,-1,-1,-1,-1,-1,-1,-1,-1,1,1,-1,-1,48.6452683,15.18330444,7,0
29,1.797814208,8,6.702185792,-1,-1,-1,-1,-1,-1,-1,1,-1,-1,1,-1,-1,-1,-1,-1,-1,-1,-1,-1,1,2,-1,-1,48.6452683,15.18330444,7,0
7,1.780054645,11,6.719945355,-1,-1,-1,-1,-1,-1,-1,1,-1,-1,1,-1,-1,-1,-1,-1,-1,-1,-1,-1,1,1,-1,-1,48.6452683,15.18330444,7,0
8,1.099726776,8,7.400273224,-1,-1,-1,-1,-1,-1,-1,1,-1,-1,1,-1,-1,-1,-1,-1,-1,-1,-1,-1,1,0,-1,-1,48.6452683,15.18330444,7,0
10,2.543715847,14,5.956284153,-1,-1,-1,-1,-1,-1,-1,1,-1,-1,1,-1,-1,-1,-1,-1,-1,-1,-1,-1,1,3,-1,-1,48.6452683,15.18330444,7,1
16,2.849726776,10,5.650273224,-1,-1,-1,-1,-1,-1,-1,1,-1,-1,1,-1,-1,-1,-1,-1,-1,-1,-1,-1,1,0,-1,-1,48.6452683,15.18330444,7,0
19,2.382513661,1,5.958582229,-1,-1,-1,-1,-1,-1,-1,1,-1,-1,1,-1,-1,-1,-1,-1,-1,-1,-1,-1,1,0,-1,-1,48.6452683,15.18330444,7,0
33,3.196721311,32,4.769032113,-1,-1,-1,-1,-1,-1,-1,1,-1,-1,-1,1,-1,-1,-1,-1,-1,-1,-1,-1,1,1,-1,-1,48.6452683,15.18330444,7,0
25,2.62431694,8,5.87568306,-1,-1,-1,-1,-1,-1,-1,1,-1,-1,-1,1,-1,-1,-1,-1,-1,-1,-1,-1,1,0,-1,-1,48.6452683,15.18330444,7,0
36,2.228142077,52,6.271857923,-1,-1,-1,-1,-1,-1,1,-1,-1,-1,-1,1,-1,-1,-1,-1,-1,-1,-1,-1,1,0,-1,-1,48.6452683,15.18330444,7,1
30,1.327868852,32,7.172131148,-1,-1,-1,-1,-1,-1,-1,1,-1,-1,-1,1,-1,-1,-1,-1,-1,-1,-1,-1,1,0,-1,-1,48.6452683,15.18330444,7,1
49,2.43715847,65,5.132513661,-1,-1,-1,-1,-1,-1,-1,1,-1,-1,-1,-1,1,-1,-1,-1,-1,-1,-1,-1,2,1,-1,-1,48.6452683,15.18330444,7,1
13,2.859289617,2,5.522902163,-1,-1,-1,-1,-1,-1,-1,1,-1,-1,-1,-1,1,-1,-1,-1,-1,-1,-1,-1,1,2,-1,-1,48.6452683,15.18330444,7,0
20,2.207650273,6,6.292349727,-1,-1,-1,-1,-1,-1,1,-1,-1,-1,-1,-1,1,-1,-1,-1,-1,-1,-1,-1,1,0,-1,-1,48.6452683,15.18330444,7,0
23,3.583333333,35,4.916666667,-1,-1,-1,-1,-1,-1,-1,1,-1,-1,-1,-1,1,-1,-1,-1,-1,-1,-1,-1,1,2,-1,-1,48.6452683,15.18330444,7,1
20,1.758196721,24,6.741803279,-1,-1,-1,-1,-1,-1,-1,1,-1,-1,-1,-1,1,-1,-1,-1,-1,-1,-1,-1,1,0,-1,-1,48.6452683,15.18330444,7,1
20,1.838797814,63,6.64476383,-1,-1,-1,-1,-1,-1,-1,1,-1,-1,-1,-1,1,-1,-1,-1,-1,-1,-1,-1,1,2,-1,-1,48.6452683,15.18330444,7,1
28,0.941256831,9,7.558743169,-1,-1,-1,-1,-1,-1,-1,1,-1,-1,-1,-1,1,-1,-1,-1,-1,-1,-1,-1,1,4,1,-1,48.6452683,15.18330444,7,1
21,2.489071038,7,6.010928962,-1,-1,-1,-1,-1,-1,-1,1,-1,-1,-1,-1,1,-1,-1,-1,-1,-1,-1,-1,1,4,1,-1,48.6452683,15.18330444,7,1
19,1.230874317,22,7.165016094,-1,-1,-1,-1,-1,-1,-1,1,-1,-1,-1,-1,1,-1,-1,-1,-1,-1,-1,-1,1,0,-1,-1,48.6452683,15.18330444,7,1
9,1.954918033,45,6.408095666,-1,-1,-1,-1,-1,-1,-1,1,-1,-1,-1,-1,1,-1,-1,-1,-1,-1,-1,-1,2,2,-1,-1,48.6452683,15.18330444,7,0
14,2.81284153,34,0.37295082,-1,-1,-1,-1,-1,-1,-1,1,-1,-1,-1,-1,1,-1,-1,-1,-1,-1,-1,-1,2,3,-1,1,48.6452683,15.18330444,7,0
20,1.325136612,8,7.174863388,-1,-1,-1,-1,-1,-1,-1,1,-1,-1,-1,-1,-1,1,-1,-1,-1,-1,-1,-1,1,1,-1,-1,48.6452683,15.18330444,7,0
14,1.456284153,10,5.519125683,-1,-1,-1,-1,-1,-1,-1,1,-1,-1,-1,-1,-1,1,-1,-1,-1,-1,-1,-1,2,1,-1,-1,48.6452683,15.18330444,7,1
23,2.295081967,19,6.204918033,-1,-1,-1,-1,-1,-1,-1,1,-1,-1,-1,-1,-1,1,-1,-1,-1,-1,-1,-1,1,6,-1,-1,48.6452683,15.18330444,7,1
22,1.472677596,25,7.027322404,-1,-1,-1,-1,-1,-1,-1,1,-1,-1,-1,-1,-1,1,-1,-1,-1,-1,-1,-1,1,2,-1,-1,48.6452683,15.18330444,7,1
20,1.900273224,18,6.235343214,-1,-1,-1,-1,-1,-1,-1,1,-1,-1,-1,-1,-1,1,-1,-1,-1,-1,-1,-1,1,1,-1,-1,48.6452683,15.18330444,7,0
16,2.68579235,15,5.079961075,1,-1,-1,-1,-1,-1,-1,-1,-1,-1,-1,-1,-1,1,-1,-1,-1,-1,-1,-1,3,2,-1,-1,48.6452683,15.18330444,7,1
18,2.166666667,15,6.333333333,-1,-1,-1,-1,-1,-1,-1,1,-1,-1,-1,-1,-1,1,-1,-1,-1,-1,-1,-1,1,4,1,-1,48.6452683,15.18330444,7,1
20,1.387978142,16,7.112021858,-1,-1,-1,-1,-1,-1,-1,1,-1,-1,-1,-1,-1,1,-1,-1,-1,-1,-1,-1,1,3,-1,-1,48.6452683,15.18330444,7,0
26,2.853825137,58,4.868092672,-1,-1,-1,-1,-1,-1,-1,1,-1,-1,-1,-1,-1,-1,1,-1,-1,-1,-1,-1,1,4,1,-1,92.35642679,60.2751737,7,1
20,0.744535519,9,7.755464481,-1,-1,-1,-1,-1,-1,-1,1,-1,-1,-1,-1,-1,-1,1,-1,-1,-1,-1,-1,1,2,1,-1,92.35642679,60.2751737,7,1
20,2.222677596,32,6.277322404,-1,-1,-1,-1,-1,-1,1,-1,-1,-1,-1,-1,-1,-1,1,-1,-1,-1,-1,-1,1,1,-1,-1,92.35642679,60.2751737,7,0
15,2.631147541,10,5.616797664,-1,-1,-1,-1,-1,-1,-1,1,-1,-1,-1,-1,-1,-1,1,-1,-1,-1,-1,-1,1,0,-1,-1,92.35642679,60.2751737,7,0
20,1.357923497,44,7.142076503,-1,-1,-1,-1,-1,-1,1,-1,-1,-1,-1,-1,-1,-1,1,-1,-1,-1,-1,-1,1,2,-1,-1,92.35642679,60.2751737,7,0
14,3.642076503,99,2.889344262,-1,-1,-1,-1,-1,-1,-1,1,-1,-1,-1,-1,-1,-1,1,-1,-1,-1,-1,-1,3,0,-1,-1,92.35642679,60.2751737,7,1
15,1.758196721,26,6.741803279,-1,-1,-1,-1,-1,-1,-1,1,-1,-1,-1,-1,-1,-1,1,-1,-1,-1,-1,-1,1,1,-1,-1,92.35642679,60.2751737,7,0
19,1.663934426,19,6.836065574,-1,-1,-1,-1,-1,-1,-1,1,-1,-1,-1,-1,-1,-1,1,-1,-1,-1,-1,-1,1,0,-1,-1,92.35642679,60.2751737,7,0
22,1.558743169,27,6.941256831,-1,-1,-1,-1,-1,-1,-1,1,-1,-1,-1,-1,-1,-1,1,-1,-1,-1,-1,-1,1,7,1,-1,92.35642679,60.2751737,7,1
16,2.698087432,19,5.801912568,-1,-1,-1,-1,-1,-1,-1,1,-1,-1,-1,-1,-1,-1,1,-1,-1,-1,-1,-1,2,0,-1,-1,92.35642679,60.2751737,7,1
19,3.116120219,5,5.309907179,-1,-1,-1,-1,-1,-1,-1,1,-1,-1,-1,-1,-1,-1,1,-1,-1,-1,-1,-1,1,2,-1,1,92.35642679,60.2751737,7,0
6,1.954918033,2,6.545081967,-1,-1,-1,-1,-1,-1,-1,1,-1,-1,-1,-1,-1,-1,1,-1,-1,-1,-1,-1,1,2,-1,-1,92.35642679,60.2751737,7,0
26,3.397540984,2,5.102459016,-1,-1,-1,-1,-1,-1,-1,1,-1,-1,-1,-1,-1,-1,1,-1,-1,-1,-1,-1,1,0,-1,-1,92.35642679,60.2751737,7,1
14,3.363387978,6,4.251680515,-1,-1,-1,-1,-1,-1,-1,1,-1,-1,-1,-1,-1,-1,1,-1,-1,-1,-1,-1,1,1,-1,-1,92.35642679,60.2751737,7,0
21,1.650273224,41,6.849726776,-1,-1,-1,-1,-1,-1,-1,1,-1,-1,-1,-1,-1,-1,-1,1,-1,-1,-1,-1,1,2,-1,-1,92.35642679,60.2751737,7,0
20,1.43579235,18,7.06420765,-1,-1,-1,-1,-1,-1,-1,1,-1,-1,-1,-1,-1,-1,-1,1,-1,-1,-1,-1,1,4,-1,-1,92.35642679,60.2751737,7,1
20,1.453551913,17,7.046448087,-1,-1,-1,-1,-1,-1,-1,1,-1,-1,-1,-1,-1,-1,-1,1,-1,-1,-1,-1,1,5,1,-1,92.35642679,60.2751737,7,1
15,2.467213115,18,6.032786885,-1,-1,-1,-1,-1,1,-1,-1,-1,-1,-1,-1,-1,-1,-1,1,-1,-1,-1,-1,1,1,-1,-1,92.35642679,60.2751737,7,0
17,1.833333333,4,6.666666667,-1,-1,-1,-1,-1,-1,-1,1,-1,-1,-1,-1,-1,-1,-1,1,-1,-1,-1,-1,1,0,-1,-1,92.35642679,60.2751737,7,1
17,2.607923497,76,5.892076503,-1,-1,-1,-1,-1,-1,1,-1,-1,-1,-1,-1,-1,-1,-1,1,-1,-1,-1,-1,1,1,-1,-1,92.35642679,60.2751737,7,1
22,1.516393443,12,6.983606557,-1,-1,-1,-1,-1,-1,-1,1,-1,-1,-1,-1,-1,-1,-1,1,-1,-1,-1,-1,1,2,-1,-1,92.35642679,60.2751737,7,0
19,1.363387978,7,7.136612022,-1,-1,-1,-1,-1,-1,-1,1,-1,-1,-1,-1,-1,-1,-1,1,-1,-1,-1,-1,1,0,-1,-1,92.35642679,60.2751737,7,0
18,3.293715847,22,5.159708811,-1,-1,-1,-1,-1,-1,-1,1,-1,-1,-1,-1,-1,-1,-1,1,-1,-1,-1,-1,1,0,-1,-1,92.35642679,60.2751737,7,0
17,1.806010929,9,6.693989071,-1,-1,-1,-1,-1,-1,-1,1,-1,-1,-1,-1,-1,-1,-1,-1,1,-1,-1,-1,2,4,1,-1,92.35642679,60.2751737,7,1
20,1.781420765,6,6.718579235,-1,-1,-1,-1,-1,-1,-1,1,-1,-1,-1,-1,-1,-1,-1,-1,1,-1,-1,-1,1,2,-1,-1,92.35642679,60.2751737,7,0
20,3.271857923,26,4.214443446,-1,-1,-1,-1,-1,-1,-1,1,-1,-1,-1,-1,-1,-1,-1,-1,1,-1,-1,-1,1,5,1,-1,92.35642679,60.2751737,7,1
20,3.105191257,2,4.529055319,-1,1,-1,-1,-1,-1,-1,-1,-1,-1,-1,-1,-1,-1,-1,-1,1,-1,-1,-1,1,0,-1,-1,92.35642679,60.2751737,7,0
25,1.62431694,15,6.87568306,-1,-1,-1,-1,-1,-1,-1,1,-1,-1,-1,-1,-1,-1,-1,-1,1,-1,-1,-1,1,0,-1,-1,92.35642679,60.2751737,7,0
21,1.147540984,7,7.352459016,-1,-1,-1,-1,-1,-1,-1,1,-1,-1,-1,-1,-1,-1,-1,-1,1,-1,-1,-1,1,1,-1,-1,92.35642679,60.2751737,7,1
72,6.144808743,17,-0.795493675,-1,-1,-1,-1,-1,-1,-1,1,-1,-1,-1,-1,-1,-1,-1,-1,1,-1,-1,-1,1,2,-1,-1,92.35642679,60.2751737,7,1
17,1.68715847,12,6.81284153,-1,-1,-1,-1,-1,-1,-1,1,-1,-1,-1,-1,-1,-1,-1,-1,-1,1,-1,-1,1,0,-1,-1,92.35642679,60.2751737,7,1
6,2.539617486,33,5.960382514,-1,-1,-1,-1,-1,-1,-1,1,-1,-1,-1,-1,-1,-1,-1,-1,-1,1,-1,-1,1,1,-1,-1,92.35642679,60.2751737,7,1
33,3.553278689,33,3.880967887,-1,-1,-1,-1,-1,-1,1,-1,-1,-1,-1,-1,-1,-1,-1,-1,-1,1,-1,-1,1,0,-1,-1,92.35642679,60.2751737,7,1
18,1.478142077,16,7.021857923,-1,-1,-1,-1,-1,-1,1,-1,-1,-1,-1,-1,-1,-1,-1,-1,-1,1,-1,-1,1,0,-1,-1,92.35642679,60.2751737,7,1
19,1.691256831,12,6.808743169,-1,-1,-1,-1,-1,-1,-1,1,-1,-1,-1,-1,-1,-1,-1,-1,-1,1,-1,-1,1,0,-1,-1,92.35642679,60.2751737,7,0
20,1.172131148,8,7.327868852,-1,-1,-1,-1,-1,-1,-1,1,-1,-1,-1,-1,-1,-1,-1,-1,-1,1,-1,-1,1,2,-1,-1,92.35642679,60.2751737,7,0
22,0.692622951,7,7.807377049,-1,-1,-1,-1,-1,-1,-1,1,-1,-1,-1,-1,-1,-1,-1,-1,-1,1,-1,-1,1,1,-1,-1,92.35642679,60.2751737,7,1
20,3.295081967,31,4.322726252,-1,-1,-1,-1,-1,-1,1,-1,-1,-1,-1,-1,-1,-1,-1,-1,-1,1,-1,-1,2,2,1,-1,92.35642679,60.2751737,7,1
16,1.758196721,10,6.741803279,-1,-1,-1,-1,-1,-1,-1,1,-1,-1,-1,-1,-1,-1,-1,-1,-1,1,-1,-1,1,0,-1,-1,92.35642679,60.2751737,7,1
20,2.336065574,26,6.163934426,-1,-1,-1,-1,-1,-1,-1,1,-1,-1,-1,-1,-1,-1,-1,-1,-1,1,-1,-1,1,0,-1,-1,92.35642679,60.2751737,7,0
18,1.911202186,7,6.588797814,-1,-1,-1,-1,-1,-1,-1,1,-1,-1,-1,-1,-1,-1,-1,-1,-1,1,-1,-1,1,2,-1,-1,92.35642679,60.2751737,7,0
11,1.572404372,7,6.927595628,-1,-1,-1,-1,-1,-1,-1,1,-1,-1,-1,-1,-1,-1,-1,-1,-1,1,-1,-1,1,0,-1,-1,92.35642679,60.2751737,7,0
20,2.830601093,11,5.494056441,-1,-1,-1,-1,-1,-1,-1,1,-1,-1,-1,-1,-1,-1,-1,-1,-1,-1,1,-1,1,0,-1,-1,92.35642679,60.2751737,7,0
20,1.881147541,25,6.618852459,-1,-1,-1,-1,-1,-1,-1,1,-1,-1,-1,-1,-1,-1,-1,-1,-1,-1,1,-1,1,2,-1,-1,92.35642679,60.2751737,7,0
17,1.75,36,6.75,-1,-1,-1,-1,-1,-1,-1,1,-1,-1,-1,-1,-1,-1,-1,-1,-1,-1,1,-1,1,3,1,-1,92.35642679,60.2751737,7,1
20,2.467213115,21,5.451964967,-1,-1,-1,-1,-1,-1,-1,1,-1,-1,-1,-1,-1,-1,-1,-1,-1,-1,1,-1,1,1,-1,-1,92.35642679,60.2751737,7,0
21,1.838797814,15,6.562572049,-1,-1,-1,-1,-1,-1,-1,1,-1,-1,-1,-1,-1,-1,-1,-1,-1,-1,1,-1,1,2,1,-1,92.35642679,60.2751737,7,1
9,1.56420765,5,6.93579235,-1,-1,-1,-1,-1,-1,-1,1,-1,-1,-1,-1,-1,-1,-1,-1,-1,-1,1,-1,1,0,-1,-1,92.35642679,60.2751737,7,1
38,2.330601093,18,5.42967288,-1,-1,-1,-1,-1,-1,-1,1,-1,-1,-1,-1,-1,-1,-1,-1,-1,-1,1,-1,1,0,-1,-1,92.35642679,60.2751737,7,1
18,2.639344262,27,5.860655738,-1,-1,-1,-1,-1,-1,-1,1,-1,-1,-1,-1,-1,-1,-1,-1,-1,-1,1,-1,1,0,-1,-1,92.35642679,60.2751737,7,0
20,1.871584699,14,6.628415301,-1,-1,-1,-1,-1,-1,-1,1,-1,-1,-1,-1,-1,-1,-1,-1,-1,-1,1,-1,1,2,-1,-1,92.35642679,60.2751737,7,1
17,0.978142077,24,7.521857923,-1,-1,-1,-1,-1,-1,-1,1,-1,-1,-1,-1,-1,-1,-1,-1,-1,-1,1,-1,1,3,1,-1,92.35642679,60.2751737,7,1
28,2.710382514,107,5.789617486,-1,-1,-1,-1,-1,-1,1,-1,-1,-1,-1,-1,-1,-1,-1,-1,-1,-1,1,-1,3,4,1,-1,92.35642679,60.2751737,7,1
21,4.836065574,0,3.663934426,-1,-1,-1,-1,-1,-1,-1,1,-1,-1,-1,-1,-1,-1,-1,-1,-1,-1,-1,1,1,1,-1,-1,92.35642679,60.2751737,7,1
20,0.916666667,2,7.583333333,-1,-1,-1,-1,-1,-1,-1,1,-1,-1,-1,-1,-1,-1,-1,-1,-1,-1,-1,1,1,0,-1,-1,92.35642679,60.2751737,7,0
20,2.617486339,13,5.882513661,-1,-1,-1,-1,-1,-1,-1,1,-1,-1,-1,-1,-1,-1,-1,-1,-1,-1,-1,1,1,4,-1,-1,92.35642679,60.2751737,7,1
20,2.894808743,14,4.813410435,-1,-1,-1,-1,-1,-1,-1,1,-1,-1,-1,-1,-1,-1,-1,-1,-1,-1,-1,1,1,5,-1,1,92.35642679,60.2751737,7,0
20,1.129781421,15,7.370218579,-1,-1,-1,-1,-1,-1,-1,1,-1,-1,-1,-1,-1,-1,-1,-1,-1,-1,-1,1,1,1,-1,-1,92.35642679,60.2751737,7,0
23,1.430327869,50,3.441256831,-1,-1,-1,-1,-1,-1,-1,1,-1,-1,-1,-1,-1,-1,-1,-1,-1,-1,-1,1,2,3,-1,1,92.35642679,60.2751737,7,0
20,3.771857923,2,3.02951194,-1,-1,-1,-1,-1,-1,-1,1,-1,-1,-1,-1,-1,-1,-1,-1,-1,-1,-1,1,1,0,-1,-1,92.35642679,60.2751737,7,0
14,0.613387978,0,7.886612022,-1,-1,-1,-1,-1,-1,-1,1,-1,-1,-1,-1,-1,-1,-1,-1,-1,-1,-1,1,1,2,-1,-1,92.35642679,60.2751737,7,0
15,4.443989071,26,2.623134217,-1,-1,-1,-1,-1,-1,-1,1,-1,-1,-1,-1,-1,-1,-1,-1,-1,-1,-1,1,1,3,-1,-1,92.35642679,60.2751737,7,1
20,0.403005464,8,8.096994536,-1,-1,-1,-1,-1,-1,-1,1,-1,-1,-1,-1,-1,-1,-1,-1,-1,-1,-1,1,1,0,-1,-1,92.35642679,60.2751737,7,1
20,1.967213115,17,6.532786885,-1,-1,-1,-1,-1,-1,-1,1,1,-1,-1,-1,-1,-1,-1,-1,-1,-1,-1,-1,1,0,-1,-1,92.35642679,60.2751737,8,0
20,1.170765027,5,7.329234973,-1,-1,-1,-1,-1,-1,-1,1,1,-1,-1,-1,-1,-1,-1,-1,-1,-1,-1,-1,1,1,-1,-1,92.35642679,60.2751737,8,0
20,3.445355191,20,4.851905083,-1,-1,-1,-1,-1,-1,-1,1,1,-1,-1,-1,-1,-1,-1,-1,-1,-1,-1,-1,1,1,-1,-1,92.35642679,60.2751737,8,0
18,1.661202186,0,6.696332061,-1,-1,-1,-1,-1,-1,-1,1,1,-1,-1,-1,-1,-1,-1,-1,-1,-1,-1,-1,1,1,-1,-1,92.35642679,60.2751737,8,0
20,0.758196721,10,7.741803279,-1,-1,-1,-1,-1,-1,-1,1,1,-1,-1,-1,-1,-1,-1,-1,-1,-1,-1,-1,1,1,-1,-1,92.35642679,60.2751737,8,1
21,1.885245902,4,6.614754098,-1,-1,-1,-1,-1,-1,-1,1,1,-1,-1,-1,-1,-1,-1,-1,-1,-1,-1,-1,1,5,-1,-1,92.35642679,60.2751737,8,0
18,2.539617486,38,5.960382514,-1,-1,-1,-1,-1,-1,-1,1,-1,1,-1,-1,-1,-1,-1,-1,-1,-1,-1,-1,1,2,1,-1,92.35642679,60.2751737,8,1
20,1.206284153,7,7.293715847,-1,-1,-1,-1,-1,-1,-1,1,-1,1,-1,-1,-1,-1,-1,-1,-1,-1,-1,-1,1,0,-1,-1,92.35642679,60.2751737,8,1
20,1.150273224,5,7.349726776,-1,-1,-1,-1,-1,1,-1,-1,-1,1,-1,-1,-1,-1,-1,-1,-1,-1,-1,-1,1,0,-1,-1,92.35642679,60.2751737,8,0
12,2.450819672,9,6.049180328,-1,-1,-1,-1,-1,-1,-1,1,-1,1,-1,-1,-1,-1,-1,-1,-1,-1,-1,-1,1,1,-1,-1,92.35642679,60.2751737,8,1
19,1.87568306,39,6.62431694,-1,-1,-1,-1,-1,-1,-1,1,-1,1,-1,-1,-1,-1,-1,-1,-1,-1,-1,-1,1,2,-1,-1,92.35642679,60.2751737,8,1
29,1.911202186,34,6.509345759,-1,-1,-1,-1,-1,-1,-1,1,-1,1,-1,-1,-1,-1,-1,-1,-1,-1,-1,-1,1,7,1,-1,92.35642679,60.2751737,8,1
18,0.56147541,16,7.93852459,-1,-1,-1,-1,-1,-1,-1,1,-1,1,-1,-1,-1,-1,-1,-1,-1,-1,-1,-1,1,1,-1,-1,92.35642679,60.2751737,8,1
20,0.800546448,7,7.699453552,-1,-1,-1,-1,-1,-1,-1,1,-1,1,-1,-1,-1,-1,-1,-1,-1,-1,-1,-1,1,1,-1,-1,92.35642679,60.2751737,8,0
33,4.424863388,70,3.318972228,-1,-1,-1,-1,-1,-1,1,-1,-1,1,-1,-1,-1,-1,-1,-1,-1,-1,-1,-1,1,1,-1,-1,92.35642679,60.2751737,8,0
11,2.161202186,20,6.338797814,-1,-1,-1,-1,-1,-1,1,-1,-1,1,-1,-1,-1,-1,-1,-1,-1,-1,-1,-1,1,0,-1,-1,92.35642679,60.2751737,8,1
21,0.849726776,20,7.650273224,-1,-1,-1,-1,-1,-1,-1,1,-1,1,-1,-1,-1,-1,-1,-1,-1,-1,-1,-1,1,3,-1,-1,92.35642679,60.2751737,8,0
10,1.394808743,25,7.105191257,-1,-1,-1,-1,-1,-1,-1,1,-1,-1,1,-1,-1,-1,-1,-1,-1,-1,-1,-1,1,5,-1,-1,92.35642679,60.2751737,8,1
17,1.515027322,10,6.984972678,-1,-1,-1,-1,-1,-1,-1,1,-1,-1,1,-1,-1,-1,-1,-1,-1,-1,-1,-1,1,3,-1,-1,92.35642679,60.2751737,8,1
20,1.616120219,6,6.883879781,-1,-1,-1,-1,-1,-1,-1,1,-1,-1,1,-1,-1,-1,-1,-1,-1,-1,-1,-1,1,3,-1,-1,92.35642679,60.2751737,8,1
20,0.919398907,11,7.580601093,-1,-1,-1,-1,-1,-1,-1,1,-1,-1,1,-1,-1,-1,-1,-1,-1,-1,-1,-1,1,0,-1,-1,92.35642679,60.2751737,8,1
19,0.74726776,18,7.75273224,-1,-1,-1,-1,-1,1,-1,-1,-1,-1,1,-1,-1,-1,-1,-1,-1,-1,-1,-1,1,0,-1,-1,92.35642679,60.2751737,8,0
21,1.901639344,72,6.598360656,-1,-1,-1,-1,-1,-1,-1,1,-1,-1,1,-1,-1,-1,-1,-1,-1,-1,-1,-1,2,2,-1,1,92.35642679,60.2751737,8,0
20,0.991803279,16,7.508196721,-1,-1,-1,-1,-1,-1,-1,1,-1,-1,1,-1,-1,-1,-1,-1,-1,-1,-1,-1,1,1,-1,-1,92.35642679,60.2751737,8,0
11,7.083333333,6,1.024590164,-1,1,-1,-1,-1,-1,-1,-1,-1,-1,-1,1,-1,-1,-1,-1,-1,-1,-1,-1,2,7,-1,1,92.35642679,60.2751737,8,1
20,3.378415301,12,2.307283479,-1,-1,-1,-1,-1,-1,-1,1,-1,-1,-1,1,-1,-1,-1,-1,-1,-1,-1,-1,3,0,-1,-1,92.35642679,60.2751737,8,1
38,1.260928962,9,7.239071038,-1,-1,-1,-1,-1,-1,-1,1,-1,-1,-1,1,-1,-1,-1,-1,-1,-1,-1,-1,1,0,-1,-1,92.35642679,60.2751737,8,1
13,2.128415301,10,6.371584699,-1,-1,-1,-1,-1,-1,-1,1,-1,-1,-1,1,-1,-1,-1,-1,-1,-1,-1,-1,1,4,-1,1,92.35642679,60.2751737,8,0
24,2.319672131,10,6.180327869,-1,1,-1,-1,-1,-1,-1,-1,-1,-1,-1,1,-1,-1,-1,-1,-1,-1,-1,-1,1,4,-1,-1,92.35642679,60.2751737,8,1
4,3.430327869,28,4.910768022,-1,-1,-1,-1,-1,-1,1,-1,-1,-1,-1,1,-1,-1,-1,-1,-1,-1,-1,-1,1,5,-1,1,92.35642679,60.2751737,8,1
16,2.468579235,50,2.687038701,-1,-1,-1,-1,-1,-1,1,-1,-1,-1,-1,1,-1,-1,-1,-1,-1,-1,-1,-1,3,1,-1,-1,92.35642679,60.2751737,8,1
20,2.393442623,46,6.106557377,-1,-1,-1,-1,-1,-1,-1,1,-1,-1,-1,1,-1,-1,-1,-1,-1,-1,-1,-1,1,2,-1,-1,92.35642679,60.2751737,8,1
8,1.75,12,6.75,-1,-1,-1,-1,-1,-1,-1,1,-1,-1,-1,-1,1,-1,-1,-1,-1,-1,-1,-1,1,4,-1,-1,92.35642679,60.2751737,8,1
22,1.378415301,58,3.594262295,-1,-1,-1,-1,-1,-1,-1,1,-1,-1,-1,-1,1,-1,-1,-1,-1,-1,-1,-1,2,1,-1,1,92.35642679,60.2751737,8,0
17,0.822404372,9,5.980874317,-1,-1,-1,-1,-1,-1,-1,1,-1,-1,-1,-1,1,-1,-1,-1,-1,-1,-1,-1,2,4,1,-1,92.35642679,60.2751737,8,1
23,1.535519126,12,6.964480874,-1,-1,-1,-1,-1,-1,-1,1,-1,-1,-1,-1,1,-1,-1,-1,-1,-1,-1,-1,1,2,-1,-1,92.35642679,60.2751737,8,1
24,3.105191257,23,5.394808743,-1,-1,-1,-1,-1,-1,1,-1,-1,-1,-1,-1,1,-1,-1,-1,-1,-1,-1,-1,1,0,-1,-1,92.35642679,60.2751737,8,1
34,6.072404372,13,-1.271034509,-1,-1,-1,-1,-1,-1,-1,1,-1,-1,-1,-1,1,-1,-1,-1,-1,-1,-1,-1,1,2,-1,-1,92.35642679,60.2751737,8,0
24,1.740437158,9,6.759562842,-1,-1,-1,-1,-1,-1,-1,1,-1,-1,-1,-1,1,-1,-1,-1,-1,-1,-1,-1,1,1,-1,-1,92.35642679,60.2751737,8,0
17,2.441256831,27,5.845044539,-1,-1,-1,-1,-1,-1,-1,1,-1,-1,-1,-1,1,-1,-1,-1,-1,-1,-1,-1,1,1,-1,-1,92.35642679,60.2751737,8,1
17,1.475409836,1,7.024590164,-1,-1,-1,-1,-1,-1,-1,1,-1,-1,-1,-1,-1,1,-1,-1,-1,-1,-1,-1,1,4,-1,-1,92.35642679,60.2751737,8,0
20,1.266393443,5,7.233606557,-1,-1,-1,-1,-1,-1,-1,1,-1,-1,-1,-1,-1,1,-1,-1,-1,-1,-1,-1,1,3,-1,-1,92.35642679,60.2751737,8,1
10,1.613387978,16,6.886612022,-1,-1,-1,-1,-1,-1,-1,1,-1,-1,-1,-1,-1,1,-1,-1,-1,-1,-1,-1,1,1,-1,-1,92.35642679,60.2751737,8,0
23,1.605191257,29,6.894808743,-1,-1,-1,-1,-1,-1,-1,1,-1,-1,-1,-1,-1,-1,1,-1,-1,-1,-1,-1,1,1,-1,-1,-4.314158302,28.19704852,8,1
21,2.569672131,9,5.648136088,-1,-1,-1,-1,-1,-1,-1,1,-1,-1,-1,-1,-1,-1,1,-1,-1,-1,-1,-1,2,1,-1,-1,-4.314158302,28.19704852,8,1
18,3.301912568,7,5.198087432,-1,-1,-1,-1,-1,-1,-1,1,-1,-1,-1,-1,-1,-1,1,-1,-1,-1,-1,-1,1,2,-1,-1,-4.314158302,28.19704852,8,0
19,1.913934426,20,6.586065574,-1,-1,-1,-1,-1,-1,-1,1,-1,-1,-1,-1,-1,-1,1,-1,-1,-1,-1,-1,1,2,-1,1,-4.314158302,28.19704852,8,1
20,1.129781421,19,7.370218579,-1,-1,-1,-1,-1,-1,-1,1,-1,-1,-1,-1,-1,-1,1,-1,-1,-1,-1,-1,2,3,1,-1,-4.314158302,28.19704852,8,0
7,2.93579235,10,4.835440527,-1,-1,-1,-1,-1,-1,-1,1,-1,-1,-1,-1,-1,-1,-1,1,-1,-1,-1,-1,1,0,-1,-1,-4.314158302,28.19704852,8,0
2,1.284153005,4,7.215846995,-1,-1,-1,-1,-1,-1,-1,1,-1,-1,-1,-1,-1,-1,-1,1,-1,-1,-1,-1,1,0,-1,-1,-4.314158302,28.19704852,8,0
18,0.969945355,18,7.530054645,-1,-1,-1,-1,-1,-1,-1,1,-1,-1,-1,-1,-1,-1,-1,1,-1,-1,-1,-1,1,1,-1,-1,-4.314158302,28.19704852,8,1
30,2.430327869,16,6.036795419,-1,-1,-1,-1,-1,-1,-1,1,-1,-1,-1,-1,-1,-1,-1,1,-1,-1,-1,-1,1,4,-1,1,-4.314158302,28.19704852,8,0
16,3.271857923,8,3.976087282,-1,-1,-1,-1,-1,-1,-1,1,-1,-1,-1,-1,-1,-1,-1,1,-1,-1,-1,-1,1,2,-1,-1,-4.314158302,28.19704852,8,1
30,4.580601093,0,2.571453702,-1,-1,-1,-1,-1,-1,-1,1,-1,-1,-1,-1,-1,-1,-1,1,-1,-1,-1,-1,1,0,-1,-1,-4.314158302,28.19704852,8,0
10,2.468579235,12,6.031420765,-1,-1,-1,-1,-1,-1,-1,1,-1,-1,-1,-1,-1,-1,-1,1,-1,-1,-1,-1,1,5,-1,-1,-4.314158302,28.19704852,8,1
13,1.362021858,3,7.137978142,-1,-1,-1,-1,-1,-1,-1,1,-1,-1,-1,-1,-1,-1,-1,-1,1,-1,-1,-1,2,1,-1,-1,-4.314158302,28.19704852,8,1
19,1.728142077,11,6.771857923,-1,-1,-1,-1,-1,-1,-1,1,-1,-1,-1,-1,-1,-1,-1,-1,1,-1,-1,-1,1,3,-1,-1,-4.314158302,28.19704852,8,1
28,2.445355191,5,6.054644809,-1,-1,-1,-1,-1,-1,-1,1,-1,-1,-1,-1,-1,-1,-1,-1,1,-1,-1,-1,1,0,-1,-1,-4.314158302,28.19704852,8,1
21,4.136612022,65,3.267497567,-1,-1,-1,-1,-1,-1,1,-1,-1,-1,-1,-1,-1,-1,-1,-1,1,-1,-1,-1,1,0,-1,-1,-4.314158302,28.19704852,8,0
17,6.700819672,1,-1.904929261,-1,-1,-1,-1,-1,-1,-1,1,-1,-1,-1,-1,-1,-1,-1,-1,1,-1,-1,-1,1,2,-1,-1,-4.314158302,28.19704852,8,0
19,1.161202186,13,7.338797814,-1,-1,-1,-1,-1,-1,-1,1,-1,-1,-1,-1,-1,-1,-1,-1,1,-1,-1,-1,1,0,-1,-1,-4.314158302,28.19704852,8,1
17,2.610655738,20,5.168796317,-1,-1,-1,-1,-1,-1,-1,1,-1,-1,-1,-1,-1,-1,-1,-1,1,-1,-1,-1,1,1,-1,-1,-4.314158302,28.19704852,8,0
20,1.454918033,12,7.045081967,-1,-1,-1,-1,-1,-1,-1,1,-1,-1,-1,-1,-1,-1,-1,-1,1,-1,-1,-1,1,0,-1,-1,-4.314158302,28.19704852,8,0
18,1.047814208,28,7.452185792,-1,-1,-1,-1,-1,-1,-1,1,-1,-1,-1,-1,-1,-1,-1,-1,1,-1,-1,-1,1,2,-1,-1,-4.314158302,28.19704852,8,1
16,3.277322404,18,1.078385358,-1,-1,-1,-1,-1,-1,-1,1,-1,-1,-1,-1,-1,-1,-1,-1,1,-1,-1,-1,2,3,-1,1,-4.314158302,28.19704852,8,1
16,1.898907104,7,6.601092896,-1,-1,-1,-1,-1,-1,-1,1,-1,-1,-1,-1,-1,-1,-1,-1,1,-1,-1,-1,1,0,-1,-1,-4.314158302,28.19704852,8,0
22,3.718579235,19,3.589639943,-1,-1,-1,-1,-1,-1,1,-1,-1,-1,-1,-1,-1,-1,-1,-1,1,-1,-1,-1,1,4,1,-1,-4.314158302,28.19704852,8,1
20,2.774590164,18,5.333629014,-1,-1,-1,-1,-1,1,-1,-1,-1,-1,-1,-1,-1,-1,-1,-1,1,-1,-1,-1,1,2,-1,-1,-4.314158302,28.19704852,8,0
21,1.103825137,3,7.396174863,-1,-1,-1,-1,-1,-1,-1,1,-1,-1,-1,-1,-1,-1,-1,-1,-1,1,-1,-1,1,0,-1,-1,-4.314158302,28.19704852,8,0
15,0.913934426,18,7.586065574,-1,-1,-1,-1,-1,-1,-1,1,-1,-1,-1,-1,-1,-1,-1,-1,-1,1,-1,-1,2,0,-1,-1,-4.314158302,28.19704852,8,1
20,0.647540984,3,7.852459016,-1,-1,-1,-1,-1,-1,-1,1,-1,-1,-1,-1,-1,-1,-1,-1,-1,1,-1,-1,1,1,1,-1,-4.314158302,28.19704852,8,1
17,1.030054645,11,7.469945355,-1,-1,-1,-1,-1,-1,-1,1,-1,-1,-1,-1,-1,-1,-1,-1,-1,1,-1,-1,1,0,-1,-1,-4.314158302,28.19704852,8,1
20,1.99726776,24,6.50273224,-1,-1,-1,-1,-1,-1,-1,1,-1,-1,-1,-1,-1,-1,-1,-1,-1,1,-1,-1,1,4,-1,-1,-4.314158302,28.19704852,8,0
21,2.274590164,6,6.225409836,-1,-1,-1,-1,-1,-1,-1,1,-1,-1,-1,-1,-1,-1,-1,-1,-1,1,-1,-1,1,1,-1,-1,-4.314158302,28.19704852,8,0
20,0.994535519,92,7.505464481,-1,-1,-1,-1,-1,-1,-1,1,-1,-1,-1,-1,-1,-1,-1,-1,-1,-1,1,-1,1,0,-1,-1,-4.314158302,28.19704852,8,1
20,1.540983607,10,6.959016393,-1,-1,-1,-1,-1,-1,-1,1,-1,-1,-1,-1,-1,-1,-1,-1,-1,-1,1,-1,1,1,-1,-1,-4.314158302,28.19704852,8,1
11,2.713114754,12,5.677296205,-1,-1,-1,-1,-1,-1,-1,1,-1,-1,-1,-1,-1,-1,-1,-1,-1,-1,1,-1,1,2,-1,-1,-4.314158302,28.19704852,8,1
26,2.822404372,121,5.406362752,-1,-1,-1,-1,-1,-1,-1,1,-1,-1,-1,-1,-1,-1,-1,-1,-1,-1,1,-1,1,1,-1,-1,-4.314158302,28.19704852,8,1
20,2.430327869,8,5.625836515,-1,-1,-1,-1,-1,-1,-1,1,-1,-1,-1,-1,-1,-1,-1,-1,-1,-1,1,-1,1,1,-1,-1,-4.314158302,28.19704852,8,0
18,1.083333333,107,4.81147541,-1,-1,-1,-1,-1,-1,1,-1,-1,-1,-1,-1,-1,-1,-1,-1,-1,-1,1,-1,3,4,1,-1,-4.314158302,28.19704852,8,1
20,1.666666667,45,5.053278689,-1,-1,-1,-1,-1,-1,-1,1,-1,-1,-1,-1,-1,-1,-1,-1,-1,-1,1,-1,2,2,-1,-1,-4.314158302,28.19704852,8,0
20,1.484972678,11,7.015027322,-1,-1,-1,-1,-1,-1,-1,1,-1,-1,-1,-1,-1,-1,-1,-1,-1,-1,1,-1,1,1,-1,-1,-4.314158302,28.19704852,8,1
16,2.975409836,0,5.138288794,-1,-1,-1,-1,-1,-1,1,-1,-1,-1,-1,-1,-1,-1,-1,-1,-1,-1,-1,1,1,3,-1,-1,-4.314158302,28.19704852,8,0
6,2.87295082,43,4.284583427,-1,-1,-1,-1,-1,-1,1,-1,-1,-1,-1,-1,-1,-1,-1,-1,-1,-1,-1,1,1,0,-1,-1,-4.314158302,28.19704852,8,0
19,1.077868852,4,7.422131148,-1,-1,-1,-1,-1,-1,-1,1,-1,-1,-1,-1,-1,-1,-1,-1,-1,-1,-1,1,1,2,-1,1,-4.314158302,28.19704852,8,1
19,2.822404372,22,5.677595628,-1,-1,-1,-1,-1,-1,-1,1,-1,-1,-1,-1,-1,-1,-1,-1,-1,-1,-1,1,2,0,-1,-1,-4.314158302,28.19704852,8,1
23,1.583333333,20,6.916666667,-1,-1,-1,-1,-1,-1,-1,1,-1,-1,-1,-1,-1,-1,-1,-1,-1,-1,-1,1,2,5,-1,-1,-4.314158302,28.19704852,8,0
17,2.677595628,13,5.496376974,-1,-1,-1,-1,-1,-1,1,-1,-1,-1,-1,-1,-1,-1,-1,-1,-1,-1,-1,1,2,4,-1,1,-4.314158302,28.19704852,8,1
20,2.655737705,14,5.844262295,-1,-1,-1,-1,-1,-1,1,-1,-1,-1,-1,-1,-1,-1,-1,-1,-1,-1,-1,1,1,2,1,-1,-4.314158302,28.19704852,8,0
31,3.542349727,28,4.957650273,-1,-1,-1,-1,-1,-1,1,-1,1,-1,-1,-1,-1,-1,-1,-1,-1,-1,-1,-1,1,2,1,-1,-4.314158302,28.19704852,9,1
18,2.367486339,5,5.614705442,-1,-1,1,-1,-1,-1,-1,-1,1,-1,-1,-1,-1,-1,-1,-1,-1,-1,-1,-1,1,3,-1,-1,-4.314158302,28.19704852,9,1
14,1.43579235,31,7.06420765,-1,-1,-1,-1,-1,-1,-1,1,1,-1,-1,-1,-1,-1,-1,-1,-1,-1,-1,-1,1,1,-1,-1,-4.314158302,28.19704852,9,0
15,2.010928962,9,6.489071038,-1,-1,-1,-1,-1,-1,1,-1,1,-1,-1,-1,-1,-1,-1,-1,-1,-1,-1,-1,1,0,-1,-1,-4.314158302,28.19704852,9,1
7,2.292349727,37,6.207650273,-1,-1,-1,-1,-1,-1,1,-1,-1,1,-1,-1,-1,-1,-1,-1,-1,-1,-1,-1,1,1,-1,-1,-4.314158302,28.19704852,9,1
19,2.442622951,36,5.772445542,-1,-1,-1,-1,-1,-1,1,-1,-1,1,-1,-1,-1,-1,-1,-1,-1,-1,-1,-1,1,0,-1,-1,-4.314158302,28.19704852,9,1
10,0.99726776,16,7.50273224,-1,-1,-1,-1,-1,-1,-1,1,-1,1,-1,-1,-1,-1,-1,-1,-1,-1,-1,-1,1,0,-1,-1,-4.314158302,28.19704852,9,0
17,2.525956284,10,5.475413579,-1,-1,-1,-1,-1,-1,-1,1,-1,1,-1,-1,-1,-1,-1,-1,-1,-1,-1,-1,1,3,-1,-1,-4.314158302,28.19704852,9,0
20,0.878415301,10,7.621584699,-1,-1,-1,-1,-1,-1,-1,1,-1,1,-1,-1,-1,-1,-1,-1,-1,-1,-1,-1,1,4,1,-1,-4.314158302,28.19704852,9,1
15,2.206284153,6,6.293715847,-1,-1,-1,-1,-1,-1,-1,1,-1,1,-1,-1,-1,-1,-1,-1,-1,-1,-1,-1,1,0,-1,-1,-4.314158302,28.19704852,9,1
20,2.483606557,31,5.835571525,-1,-1,-1,-1,-1,-1,-1,1,-1,1,-1,-1,-1,-1,-1,-1,-1,-1,-1,-1,1,2,-1,1,-4.314158302,28.19704852,9,1
5,2.378415301,2,5.581858672,-1,-1,-1,-1,-1,-1,-1,1,-1,1,-1,-1,-1,-1,-1,-1,-1,-1,-1,-1,1,0,-1,-1,-4.314158302,28.19704852,9,0
18,2.352459016,42,6.147540984,-1,-1,-1,-1,-1,-1,-1,1,-1,1,-1,-1,-1,-1,-1,-1,-1,-1,-1,-1,1,4,-1,1,-4.314158302,28.19704852,9,0
46,1.75,15,6.75,-1,-1,-1,-1,-1,-1,1,-1,-1,1,-1,-1,-1,-1,-1,-1,-1,-1,-1,-1,1,1,-1,-1,-4.314158302,28.19704852,9,0
33,1.296448087,28,7.203551913,-1,-1,-1,-1,-1,-1,1,-1,-1,1,-1,-1,-1,-1,-1,-1,-1,-1,-1,-1,1,0,-1,-1,-4.314158302,28.19704852,9,1
20,2.296448087,53,6.203551913,-1,-1,-1,-1,-1,-1,-1,1,-1,1,-1,-1,-1,-1,-1,-1,-1,-1,-1,-1,1,2,1,-1,-4.314158302,28.19704852,9,1
17,1.525956284,48,6.974043716,-1,-1,-1,-1,-1,-1,1,-1,-1,-1,1,-1,-1,-1,-1,-1,-1,-1,-1,-1,1,0,-1,-1,-4.314158302,28.19704852,9,1
26,1.364754098,55,7.135245902,-1,-1,-1,-1,-1,-1,1,-1,-1,-1,1,-1,-1,-1,-1,-1,-1,-1,-1,-1,1,0,-1,-1,-4.314158302,28.19704852,9,0
18,0.519125683,18,7.163934426,-1,-1,-1,-1,-1,-1,-1,1,-1,-1,1,-1,-1,-1,-1,-1,-1,-1,-1,-1,2,0,-1,-1,-4.314158302,28.19704852,9,1
20,1.816939891,36,6.683060109,-1,-1,-1,-1,-1,-1,-1,1,-1,-1,1,-1,-1,-1,-1,-1,-1,-1,-1,-1,1,4,-1,-1,-4.314158302,28.19704852,9,0
22,4.371584699,32,-0.010928962,-1,-1,-1,-1,-1,-1,-1,1,-1,-1,1,-1,-1,-1,-1,-1,-1,-1,-1,-1,2,6,1,-1,-4.314158302,28.19704852,9,0
19,1.363387978,12,7.136612022,-1,-1,-1,-1,-1,-1,-1,1,-1,-1,1,-1,-1,-1,-1,-1,-1,-1,-1,-1,1,1,-1,-1,-4.314158302,28.19704852,9,0
18,1.191256831,3,7.308743169,-1,-1,-1,-1,-1,-1,-1,1,-1,-1,1,-1,-1,-1,-1,-1,-1,-1,-1,-1,1,0,-1,-1,-4.314158302,28.19704852,9,1
12,2.56284153,21,5.93715847,-1,-1,-1,-1,-1,-1,-1,1,-1,-1,1,-1,-1,-1,-1,-1,-1,-1,-1,-1,1,0,-1,-1,-4.314158302,28.19704852,9,1
18,1.183060109,21,7.316939891,-1,-1,-1,-1,-1,-1,-1,1,-1,-1,1,-1,-1,-1,-1,-1,-1,-1,-1,-1,1,4,-1,1,-4.314158302,28.19704852,9,0
20,1.403005464,16,7.096994536,-1,-1,-1,-1,-1,-1,-1,1,-1,-1,-1,1,-1,-1,-1,-1,-1,-1,-1,-1,1,1,-1,-1,-4.314158302,28.19704852,9,0
12,1.456284153,5,7.043715847,-1,-1,-1,-1,-1,-1,-1,1,-1,-1,-1,1,-1,-1,-1,-1,-1,-1,-1,-1,1,2,1,-1,-4.314158302,28.19704852,9,1
4,4.370218579,67,-0.948087432,-1,-1,-1,-1,-1,-1,-1,1,-1,-1,-1,1,-1,-1,-1,-1,-1,-1,-1,-1,2,1,-1,-1,-4.314158302,28.19704852,9,0
18,1.706284153,34,6.793715847,-1,-1,-1,-1,-1,-1,1,-1,-1,-1,-1,1,-1,-1,-1,-1,-1,-1,-1,-1,1,0,-1,-1,-4.314158302,28.19704852,9,0
24,1.897540984,11,6.602459016,-1,-1,-1,-1,-1,-1,1,-1,-1,-1,-1,1,-1,-1,-1,-1,-1,-1,-1,-1,1,2,-1,-1,-4.314158302,28.19704852,9,0
20,1.468579235,9,7.031420765,-1,-1,-1,-1,-1,-1,-1,1,-1,-1,-1,1,-1,-1,-1,-1,-1,-1,-1,-1,1,4,1,-1,-4.314158302,28.19704852,9,1
20,2.530054645,12,5.405561794,-1,-1,-1,-1,-1,-1,-1,1,-1,-1,-1,1,-1,-1,-1,-1,-1,-1,-1,-1,1,0,-1,-1,-4.314158302,28.19704852,9,0
7,2.040983607,2,6.308331462,-1,-1,-1,-1,-1,-1,-1,1,-1,-1,-1,1,-1,-1,-1,-1,-1,-1,-1,-1,1,1,-1,-1,-4.314158302,28.19704852,9,0
20,2.211748634,5,5.984141777,-1,-1,-1,-1,-1,-1,-1,1,-1,-1,-1,-1,1,-1,-1,-1,-1,-1,-1,-1,1,3,1,-1,-4.314158302,28.19704852,9,1
19,1.266393443,14,7.233606557,-1,-1,-1,-1,-1,-1,-1,1,-1,-1,-1,-1,1,-1,-1,-1,-1,-1,-1,-1,1,2,-1,-1,-4.314158302,28.19704852,9,1
18,2.524590164,9,4.147114305,-1,-1,-1,-1,-1,-1,-1,1,-1,-1,-1,-1,1,-1,-1,-1,-1,-1,-1,-1,2,6,-1,-1,-4.314158302,28.19704852,9,0
18,3.693989071,21,3.959435586,-1,-1,-1,-1,-1,-1,-1,1,-1,-1,-1,-1,1,-1,-1,-1,-1,-1,-1,-1,2,5,1,-1,-4.314158302,28.19704852,9,0
11,4.68852459,5,2.795037054,-1,-1,-1,-1,-1,-1,-1,1,-1,-1,-1,-1,1,-1,-1,-1,-1,-1,-1,-1,1,1,-1,-1,-4.314158302,28.19704852,9,1
23,2.487704918,44,6.012295082,-1,-1,-1,-1,-1,-1,1,-1,-1,-1,-1,-1,1,-1,-1,-1,-1,-1,-1,-1,1,2,1,-1,-4.314158302,28.19704852,9,1
22,1.81284153,7,6.68715847,-1,-1,-1,-1,-1,-1,-1,1,-1,-1,-1,-1,1,-1,-1,-1,-1,-1,-1,-1,1,0,-1,-1,-4.314158302,28.19704852,9,1
12,1.303278689,17,7.196721311,-1,-1,-1,-1,-1,-1,-1,1,-1,-1,-1,-1,-1,1,-1,-1,-1,-1,-1,-1,1,0,-1,-1,-4.314158302,28.19704852,9,1
17,1.87295082,16,6.62704918,-1,-1,-1,-1,-1,-1,-1,1,-1,-1,-1,-1,-1,1,-1,-1,-1,-1,-1,-1,1,2,-1,-1,-4.314158302,28.19704852,9,1
15,2.286885246,28,6.213114754,-1,-1,-1,-1,-1,-1,-1,1,-1,-1,-1,-1,-1,1,-1,-1,-1,-1,-1,-1,1,1,-1,-1,-4.314158302,28.19704852,9,1
19,1.74726776,24,6.75273224,-1,-1,-1,-1,-1,-1,-1,1,-1,-1,-1,-1,-1,1,-1,-1,-1,-1,-1,-1,1,1,-1,-1,-4.314158302,28.19704852,9,1
16,1.486338798,13,7.013661202,-1,-1,-1,-1,-1,-1,-1,1,-1,-1,-1,-1,-1,1,-1,-1,-1,-1,-1,-1,1,4,1,-1,-4.314158302,28.19704852,9,1
14,1.454918033,57,7.045081967,-1,-1,-1,-1,-1,-1,-1,1,-1,-1,-1,-1,-1,1,-1,-1,-1,-1,-1,-1,2,3,-1,-1,-4.314158302,28.19704852,9,0
19,1.086065574,15,7.413934426,-1,-1,-1,-1,-1,-1,-1,1,-1,-1,-1,-1,-1,1,-1,-1,-1,-1,-1,-1,1,1,-1,-1,-4.314158302,28.19704852,9,0
14,2.905737705,12,5.594262295,-1,-1,-1,-1,-1,-1,-1,1,-1,-1,-1,-1,-1,1,-1,-1,-1,-1,-1,-1,1,3,1,-1,-4.314158302,28.19704852,9,1
25,1.614754098,20,6.882506176,-1,-1,-1,-1,-1,-1,1,-1,-1,-1,-1,-1,-1,-1,1,-1,-1,-1,-1,-1,1,0,-1,-1,NaN,62.98741333,9,0
27,3.674863388,0,4.468972228,-1,-1,-1,-1,-1,-1,1,-1,-1,-1,-1,-1,-1,-1,1,-1,-1,-1,-1,-1,1,0,-1,-1,NaN,62.98741333,9,0
20,0.758196721,11,7.741803279,-1,-1,-1,-1,-1,-1,-1,1,-1,-1,-1,-1,-1,-1,1,-1,-1,-1,-1,-1,1,0,-1,-1,NaN,62.98741333,9,0
20,1.454918033,72,5.259562842,-1,-1,-1,-1,-1,-1,-1,1,-1,-1,-1,-1,-1,-1,1,-1,-1,-1,-1,-1,2,2,-1,1,NaN,62.98741333,9,0
20,0.702185792,17,7.797814208,-1,-1,-1,-1,-1,-1,1,-1,-1,-1,-1,-1,-1,-1,1,-1,-1,-1,-1,-1,1,0,-1,-1,NaN,62.98741333,9,0
20,2.275956284,27,6.224043716,-1,-1,-1,-1,-1,-1,-1,1,-1,-1,-1,-1,-1,-1,-1,1,-1,-1,-1,-1,1,1,-1,-1,NaN,62.98741333,9,1
21,1.642076503,20,6.857923497,-1,-1,-1,-1,-1,-1,-1,1,-1,-1,-1,-1,-1,-1,-1,1,-1,-1,-1,-1,1,3,-1,1,NaN,62.98741333,9,1
6,2.295081967,17,6.204918033,-1,-1,-1,-1,-1,-1,-1,1,-1,-1,-1,-1,-1,-1,-1,1,-1,-1,-1,-1,1,3,1,-1,NaN,62.98741333,9,0
20,1.260928962,21,7.239071038,-1,-1,-1,-1,-1,-1,-1,1,-1,-1,-1,-1,-1,-1,-1,1,-1,-1,-1,-1,2,3,1,-1,NaN,62.98741333,9,1
20,2.855191257,4,5.644808743,-1,-1,-1,-1,-1,-1,-1,1,-1,-1,-1,-1,-1,-1,-1,1,-1,-1,-1,-1,1,1,-1,-1,NaN,62.98741333,9,0
14,2.046448087,9,6.453551913,-1,-1,-1,-1,-1,-1,-1,1,-1,-1,-1,-1,-1,-1,-1,1,-1,-1,-1,-1,2,3,1,-1,NaN,62.98741333,9,0
7,5.032786885,16,3.171322704,-1,-1,1,-1,-1,-1,-1,-1,-1,-1,-1,-1,-1,-1,-1,1,-1,-1,-1,-1,1,3,1,-1,NaN,62.98741333,9,1
17,1.849726776,1,6.636574594,-1,-1,-1,-1,-1,-1,-1,1,-1,-1,-1,-1,-1,-1,-1,1,-1,-1,-1,-1,1,0,-1,-1,NaN,62.98741333,9,0
20,3.714480874,6,4.785519126,-1,-1,-1,-1,-1,-1,-1,1,-1,-1,-1,-1,-1,-1,-1,-1,1,-1,-1,-1,1,1,-1,-1,NaN,62.98741333,9,NaN
